id,activity,application,application_id,attachments,attachments.0.content_scan_version,attachments.0.content_type,attachments.0.filename,attachments.0.height,attachments.0.id,attachments.0.placeholder,attachments.0.placeholder_version,attachments.0.proxy_url,attachments.0.size,attachments.0.url,attachments.0.width,author.accent_color,author.avatar,author.avatar_decoration_data,author.avatar_decoration_data.asset,author.avatar_decoration_data.expires_at,author.avatar_decoration_data.sku_id,author.banner,author.banner_color,author.clan,author.collectibles,author.discriminator,author.display_name_styles,author.flags,author.global_name,author.id,author.primary_guild,author.public_flags,author.username,call,channel_id,components,content,date,edited_timestamp,embeds,embeds.0.content_scan_version,embeds.0.description,embeds.0.thumbnail.content_type,embeds.0.thumbnail.flags,embeds.0.thumbnail.height,embeds.0.thumbnail.placeholder,embeds.0.thumbnail.placeholder_version,embeds.0.thumbnail.proxy_url,embeds.0.thumbnail.url,embeds.0.thumbnail.width,embeds.0.title,embeds.0.type,embeds.0.url,flags,interaction,mention_channels,mention_everyone,mentions,mentions.0.accent_color,mentions.0.avatar,mentions.0.avatar_decoration_data,mentions.0.banner,mentions.0.banner_color,mentions.0.clan,mentions.0.collectibles,mentions.0.discriminator,mentions.0.display_name_styles,mentions.0.flags,mentions.0.global_name,mentions.0.id,mentions.0.primary_guild,mentions.0.public_flags,mentions.0.username,message_reference,message_reference.channel_id,message_reference.guild_id,message_reference.message_id,message_reference.type,nonce,pinned,position,reactions,reactions.0.burst_colors,reactions.0.burst_count,reactions.0.burst_me,reactions.0.count,reactions.0.count_details.burst,reactions.0.count_details.normal,reactions.0.emoji.id,reactions.0.emoji.name,reactions.0.me,reactions.0.me_burst,referenced_message,referenced_message.attachments,referenced_message.attachments.0.content_scan_version,referenced_message.attachments.0.content_type,referenced_message.attachments.0.filename,referenced_message.attachments.0.height,referenced_message.attachments.0.id,referenced_message.attachments.0.placeholder,referenced_message.attachments.0.placeholder_version,referenced_message.attachments.0.proxy_url,referenced_message.attachments.0.size,referenced_message.attachments.0.url,referenced_message.attachments.0.width,referenced_message.author.accent_color,referenced_message.author.avatar,referenced_message.author.avatar_decoration_data,referenced_message.author.banner,referenced_message.author.banner_color,referenced_message.author.clan,referenced_message.author.collectibles,referenced_message.author.discriminator,referenced_message.author.display_name_styles,referenced_message.author.flags,referenced_message.author.global_name,referenced_message.author.id,referenced_message.author.primary_guild,referenced_message.author.public_flags,referenced_message.author.username,referenced_message.channel_id,referenced_message.components,referenced_message.content,referenced_message.edited_timestamp,referenced_message.embeds,referenced_message.flags,referenced_message.id,referenced_message.mention_everyone,referenced_message.mention_roles,referenced_message.mentions,referenced_message.mentions.0.accent_color,referenced_message.mentions.0.avatar,referenced_message.mentions.0.avatar_decoration_data,referenced_message.mentions.0.banner,referenced_message.mentions.0.banner_color,referenced_message.mentions.0.clan,referenced_message.mentions.0.collectibles,referenced_message.mentions.0.discriminator,referenced_message.mentions.0.display_name_styles,referenced_message.mentions.0.flags,referenced_message.mentions.0.global_name,referenced_message.mentions.0.id,referenced_message.mentions.0.primary_guild,referenced_message.mentions.0.public_flags,referenced_message.mentions.0.username,referenced_message.pinned,referenced_message.position,referenced_message.timestamp,referenced_message.tts,referenced_message.type,resolved,role_subscription_data,sticker_items,stickers,thread,thread.bitrate,thread.flags,thread.guild_id,thread.id,thread.last_message_id,thread.member_count,thread.member_ids_preview.0,thread.member_ids_preview.1,thread.member_ids_preview.2,thread.member_ids_preview.3,thread.message_count,thread.name,thread.owner_id,thread.parent_id,thread.rate_limit_per_user,thread.rtc_region,thread.thread_metadata.archive_timestamp,thread.thread_metadata.archived,thread.thread_metadata.auto_archive_duration,thread.thread_metadata.create_timestamp,thread.thread_metadata.locked,thread.total_message_sent,thread.type,thread.user_limit,timestamp,tts,type,userName,webhook_id
1246663668976844800,,,,,,,,,,,,,,,,,dec0db347cdf871808cce79c0f2cb304,,,,,,,,,0,,0,Snowminx,328049177374490624,,0,snowminx,,1246540483107487835,,"Thanks! It's this font https://opendyslexic.org/, you can download it for free and then set the font in the Godot Editor settings. (Editor Settings -> Interface -> Editor Main Font and Main Font Bold",2024-06-02T03:16:20.575Z,,,1,OpenDyslexic is a typeface designed against some common symptoms of dyslexia.,image/png,0,189,9fcJA4BXp2iGd/eHRIIAABc=,1,https://images-ext-1.discordapp.net/external/zwOnq1kHUFUFZ5hBdcLFj0weogVQn9iIQVVxRE_9jek/https/opendyslexic.org/assets/img/rotate.png,https://opendyslexic.org/assets/img/rotate.png,491,OpenDyslexic,article,"https://opendyslexic.org/,",0,,,false,,,,,,,,,,,,,,,,,,,,,,,false,27,,,0,false,1,0,1,,üëç,false,false,,,,,,,,,,,,,,,,,,,,,,,,,,,,,,,,,,,,,,,,,,,,,,,,,,,,,,,,,,,,,,,,,,,,,,,,,,,,,,,,,,,,,,,,2024-06-02T03:16:20.575000+00:00,false,0,snowminx,
1246661621967753278,,,,,,,,,,,,,,,,,63bbb6f091c634def60a50d7a0995126,,a_c12a5c953352c20bd6e63576e2cce3a0,,1440174638930853956,,,,,0,,128,Reet,672489258782556188,,128,rcosine,,1246540483107487835,,how do you do that?,2024-06-02T03:08:12.530Z,,,,,,,,,,,,,,,,0,,,false,,,,,,,,,,,,,,,,,,,,,,,false,26,,,,,,,,,,,,,,,,,,,,,,,,,,,,,,,,,,,,,,,,,,,,,,,,,,,,,,,,,,,,,,,,,,,,,,,,,,,,,,,,,,,,,,,,,,,,,,,,,,,2024-06-02T03:08:12.530000+00:00,false,0,rcosine,
1246661539834888265,,,,,,,,,,,,,,,,,63bbb6f091c634def60a50d7a0995126,,a_c12a5c953352c20bd6e63576e2cce3a0,,1440174638930853956,,,,,0,,128,Reet,672489258782556188,,128,rcosine,,1246540483107487835,,your custom font is really cool,2024-06-02T03:07:52.948Z,,,,,,,,,,,,,,,,0,,,false,,,dec0db347cdf871808cce79c0f2cb304,,,,,,0,,0,Snowminx,328049177374490624,,0,snowminx,,1246540483107487835,691957978680786944,1246548311188570142,0,,false,25,,,,,,,,,,,,,,1,image/gif,Animation15.gif,1023,1246548310844641280,DQgGDQCMiJ+IWIZHmZd5aEp3sIYI,1,https://media.discordapp.net/attachments/1246540483107487835/1246548310844641280/Animation15.gif?ex=69654d95&is=6963fc15&hm=c0acf9a137c68220e0d01a59d984655a804c7e70133da95effb074cd934ae4fe&,12804648,https://cdn.discordapp.com/attachments/1246540483107487835/1246548310844641280/Animation15.gif?ex=69654d95&is=6963fc15&hm=c0acf9a137c68220e0d01a59d984655a804c7e70133da95effb074cd934ae4fe&,796,,dec0db347cdf871808cce79c0f2cb304,,,,,,0,,0,Snowminx,328049177374490624,,0,snowminx,1246540483107487835,,So fun lolol,,,0,1246548311188570142,false,,,,,,,,,,,,,,,,,,false,24,2024-06-01T19:37:57.135000+00:00,false,0,,,,,,,,,,,,,,,,,,,,,,,,,,,,,,2024-06-02T03:07:52.948000+00:00,false,19,rcosine,
1246548311188570142,,,,,1,image/gif,Animation15.gif,1023,1246548310844641280,DQgGDQCMiJ+IWIZHmZd5aEp3sIYI,1,https://media.discordapp.net/attachments/1246540483107487835/1246548310844641280/Animation15.gif?ex=69654d95&is=6963fc15&hm=c0acf9a137c68220e0d01a59d984655a804c7e70133da95effb074cd934ae4fe&,12804648,https://cdn.discordapp.com/attachments/1246540483107487835/1246548310844641280/Animation15.gif?ex=69654d95&is=6963fc15&hm=c0acf9a137c68220e0d01a59d984655a804c7e70133da95effb074cd934ae4fe&,796,,dec0db347cdf871808cce79c0f2cb304,,,,,,,,,0,,0,Snowminx,328049177374490624,,0,snowminx,,1246540483107487835,,So fun lolol,2024-06-01T19:37:57.135Z,,,,,,,,,,,,,,,,0,,,false,,,,,,,,,,,,,,,,,,,,,,,false,24,,,,,,,,,,,,,,,,,,,,,,,,,,,,,,,,,,,,,,,,,,,,,,,,,,,,,,,,,,,,,,,,,,,,,,,,,,,,,,,,,,,,,,,,,,,,,,,,,,,2024-06-01T19:37:57.135000+00:00,false,0,snowminx,
1246545801031712968,,,,,,,,,,,,,,,,,dec0db347cdf871808cce79c0f2cb304,,,,,,,,,0,,0,Snowminx,328049177374490624,,0,snowminx,,1246540483107487835,,I love the new texture dock,2024-06-01T19:27:58.667Z,,,,,,,,,,,,,,,,0,,,false,,,,,,,,,,,,,,,,,,,,,,,false,23,,,0,false,1,0,1,,üëå,false,false,,,,,,,,,,,,,,,,,,,,,,,,,,,,,,,,,,,,,,,,,,,,,,,,,,,,,,,,,,,,,,,,,,,,,,,,,,,,,,,,,,,,,,,,2024-06-01T19:27:58.667000+00:00,false,0,snowminx,
1246544823091990640,,,,,,,,,,,,,,,,,dec0db347cdf871808cce79c0f2cb304,,,,,,,,,0,,0,Snowminx,328049177374490624,,0,snowminx,,1246540483107487835,,"Okay, let me know I'm more than happy to test üôÇ",2024-06-01T19:24:05.508Z,,,,,,,,,,,,,,,,0,,,false,,,,,,,,,,,,,,,,,,,,,,,false,22,,,,,,,,,,,,,,,,,,,,,,,,,,,,,,,,,,,,,,,,,,,,,,,,,,,,,,,,,,,,,,,,,,,,,,,,,,,,,,,,,,,,,,,,,,,,,,,,,,,2024-06-01T19:24:05.508000+00:00,false,0,snowminx,
1246544762433962005,,,,,,,,,,,,,,,,,7e8c75861a717a11a9fc6ce29d57f23f,,,,,,,,,0,,0,Tokisan Games,455610038350774273,,0,tokisangames,,1246540483107487835,,OK. I'll try some other things to see if I can get it to regenerate the new icon sizes automatically,2024-06-01T19:23:51.046Z,,,,,,,,,,,,,,,,0,,,false,,,,,,,,,,,,,,,,,,,,,,,false,21,,,,,,,,,,,,,,,,,,,,,,,,,,,,,,,,,,,,,,,,,,,,,,,,,,,,,,,,,,,,,,,,,,,,,,,,,,,,,,,,,,,,,,,,,,,,,,,,,,,2024-06-01T19:23:51.046000+00:00,false,0,tokisangames,
1246544545487785985,,,,,,,,,,,,,,,,,dec0db347cdf871808cce79c0f2cb304,,,,,,,,,0,,0,Snowminx,328049177374490624,,0,snowminx,,1246540483107487835,,but it still opened lol,2024-06-01T19:22:59.322Z,,,,,,,,,,,,,,,,0,,,false,,,,,,,,,,,,,,,,,,,,,,,false,20,,,,,,,,,,,,,,,,,,,,,,,,,,,,,,,,,,,,,,,,,,,,,,,,,,,,,,,,,,,,,,,,,,,,,,,,,,,,,,,,,,,,,,,,,,,,,,,,,,,2024-06-01T19:22:59.322000+00:00,false,0,snowminx,
1246544532154093760,,,,,,,,,,,,,,,,,dec0db347cdf871808cce79c0f2cb304,,,,,,,,,0,,0,Snowminx,328049177374490624,,0,snowminx,,1246540483107487835,,"If it helps at all this was the error happening after opening each icon
```
 Unable to open file: res://.godot/imported/icon_height_slope.svg-2a8181e8d9f9b74739d6f4a9e62f040d.editor.ctex.
  Failed loading resource: res://.godot/imported/icon_height_slope.svg-2a8181e8d9f9b74739d6f4a9e62f040d.editor.ctex. Make sure resources have been imported by opening the project in the editor at least once.
  Failed loading resource: res://addons/terrain_3d/icons/icon_height_slope.svg. Make sure resources have been imported by opening the project in the editor at least once.
  editor/editor_node.cpp:1227 - Condition ""!res.is_valid()"" is true. Returning: ERR_CANT_OPEN
```",2024-06-01T19:22:56.143Z,,,,,,,,,,,,,,,,0,,,false,,,,,,,,,,,,,,,,,,,,,,,false,19,,,,,,,,,,,,,,,,,,,,,,,,,,,,,,,,,,,,,,,,,,,,,,,,,,,,,,,,,,,,,,,,,,,,,,,,,,,,,,,,,,,,,,,,,,,,,,,,,,,2024-06-01T19:22:56.143000+00:00,false,0,snowminx,
1246544407474343977,,,,,,,,,,,,,,,,,dec0db347cdf871808cce79c0f2cb304,,,,,,,,,0,,0,Snowminx,328049177374490624,,0,snowminx,,1246540483107487835,,omg I can see the icons lolol my dyslexic eyes thank you,2024-06-01T19:22:26.417Z,,,,,,,,,,,,,,,,0,,,false,,,,,,,,,,,,,,,,,,,,,,,false,18,,,,,,,,,,,,,,,,,,,,,,,,,,,,,,,,,,,,,,,,,,,,,,,,,,,,,,,,,,,,,,,,,,,,,,,,,,,,,,,,,,,,,,,,,,,,,,,,,,,2024-06-01T19:22:26.417000+00:00,false,0,snowminx,
1246544362436034735,,,,,,,,,,,,,,,,,dec0db347cdf871808cce79c0f2cb304,,,,,,,,,0,,0,Snowminx,328049177374490624,,0,snowminx,,1246540483107487835,,Yup that worked,2024-06-01T19:22:15.679Z,,,,,,,,,,,,,,,,0,,,false,,,,,,,,,,,,,,,,,,,,,,,false,17,,,,,,,,,,,,,,,,,,,,,,,,,,,,,,,,,,,,,,,,,,,,,,,,,,,,,,,,,,,,,,,,,,,,,,,,,,,,,,,,,,,,,,,,,,,,,,,,,,,2024-06-01T19:22:15.679000+00:00,false,0,snowminx,
1246543861296267334,,,,,,,,,,,,,,,,,dec0db347cdf871808cce79c0f2cb304,,,,,,,,,0,,0,Snowminx,328049177374490624,,0,snowminx,,1246540483107487835,,lmao,2024-06-01T19:20:16.198Z,,,,,,,,,,,,,,,,0,,,false,,,,,,,,,,,,,,,,,,,,,,,false,16,,,,,,,,,,,,,,,,,,,,,,,,,,,,,,,,,,,,,,,,,,,,,,,,,,,,,,,,,,,,,,,,,,,,,,,,,,,,,,,,,,,,,,,,,,,,,,,,,,,2024-06-01T19:20:16.198000+00:00,false,0,snowminx,
1246543783638728784,,,,,,,,,,,,,,,,,25fd1285287561dee4d39d9ac6f16e8c,,,,,,,,,0,,0,Xtarsia,188054719481118720,,0,xtarsia,,1246540483107487835,,"I ended up at this point, and manually hit re-import on all the icons to fix it. Its an iconic problem.",2024-06-01T19:19:57.683Z,,,,,,,,,,,,,,,,0,,,false,,,dec0db347cdf871808cce79c0f2cb304,,,,,,0,,0,Snowminx,328049177374490624,,0,snowminx,,1246540483107487835,691957978680786944,1246543629355585547,0,,false,15,,,0,false,1,0,1,,üòÅ,false,false,,,,,,,,,,,,,,,dec0db347cdf871808cce79c0f2cb304,,,,,,0,,0,Snowminx,328049177374490624,,0,snowminx,1246540483107487835,,"Unfortunately yes
```
 Missing required editor-specific import metadata for a texture (please reimport it using the 'Import' tab): 'res://.godot/imported/icon_picker.svg-9f872a162ed3e0053283f4bf299ac645.editor.meta'
  Missing required editor-specific import metadata for a texture (please reimport it using the 'Import' tab): 'res://.godot/imported/icon_picker_checked.svg-4e271ac1a29c979a28440c683998675e.editor.meta'
  Missing required editor-specific import metadata for a texture (please reimport it using the 'Import' tab): 'res://.godot/imported/icon_spray.svg-d9864c87d5d420aa9f80c0d3fdc80e87.editor.meta'
  Missing required editor-specific import metadata for a texture (please reimport it using the 'Import' tab): 'res://.godot/imported/icon_terrain3d.svg-39252bb986e607c413d93e00ee31a619.editor.meta'
```",,,0,1246543629355585547,false,,,,,,,,,,,,,,,,,,false,13,2024-06-01T19:19:20.899000+00:00,false,0,,,,,,,,,,,,,,,,,,,,,,,,,,,,,,2024-06-01T19:19:57.683000+00:00,false,19,xtarsia,
1246543666512924784,,,,,,,,,,,,,,,,,dec0db347cdf871808cce79c0f2cb304,,,,,,,,,0,,0,Snowminx,328049177374490624,,0,snowminx,,1246540483107487835,,I tried reimporting one of the icons (raise) and it showed up,2024-06-01T19:19:29.758Z,,,,,,,,,,,,,,,,0,,,false,,,,,,,,,,,,,,,,,,,,,,,false,14,,,,,,,,,,,,,,,,,,,,,,,,,,,,,,,,,,,,,,,,,,,,,,,,,,,,,,,,,,,,,,,,,,,,,,,,,,,,,,,,,,,,,,,,,,,,,,,,,,,2024-06-01T19:19:29.758000+00:00,false,0,snowminx,
1246543629355585547,,,,,,,,,,,,,,,,,dec0db347cdf871808cce79c0f2cb304,,,,,,,,,0,,0,Snowminx,328049177374490624,,0,snowminx,,1246540483107487835,,"Unfortunately yes
```
 Missing required editor-specific import metadata for a texture (please reimport it using the 'Import' tab): 'res://.godot/imported/icon_picker.svg-9f872a162ed3e0053283f4bf299ac645.editor.meta'
  Missing required editor-specific import metadata for a texture (please reimport it using the 'Import' tab): 'res://.godot/imported/icon_picker_checked.svg-4e271ac1a29c979a28440c683998675e.editor.meta'
  Missing required editor-specific import metadata for a texture (please reimport it using the 'Import' tab): 'res://.godot/imported/icon_spray.svg-d9864c87d5d420aa9f80c0d3fdc80e87.editor.meta'
  Missing required editor-specific import metadata for a texture (please reimport it using the 'Import' tab): 'res://.godot/imported/icon_terrain3d.svg-39252bb986e607c413d93e00ee31a619.editor.meta'
```",2024-06-01T19:19:20.899Z,,,,,,,,,,,,,,,,0,,,false,,,,,,,,,,,,,,,,,,,,,,,false,13,,,,,,,,,,,,,,,,,,,,,,,,,,,,,,,,,,,,,,,,,,,,,,,,,,,,,,,,,,,,,,,,,,,,,,,,,,,,,,,,,,,,,,,,,,,,,,,,,,,2024-06-01T19:19:20.899000+00:00,false,0,snowminx,
1246543054484275201,,,,,,,,,,,,,,,,,7e8c75861a717a11a9fc6ce29d57f23f,,,,,,,,,0,,0,Tokisan Games,455610038350774273,,0,tokisangames,,1246540483107487835,,And after a reboot or two?,2024-06-01T19:17:03.839Z,,,,,,,,,,,,,,,,0,,,false,,,dec0db347cdf871808cce79c0f2cb304,,,,,,0,,0,Snowminx,328049177374490624,,0,snowminx,,1246540483107487835,691957978680786944,1246542806831599718,0,,false,12,,,,,,,,,,,,,,,,,,,,,,,,,,dec0db347cdf871808cce79c0f2cb304,,,,,,0,,0,Snowminx,328049177374490624,,0,snowminx,1246540483107487835,,"Okay it loaded this time but the icons aren't there
```
  Unable to open file: res://.godot/imported/icon_map_add.svg-a13cebbb261c5138d4ca5cbb5df24202.editor.ctex.
  Failed loading resource: res://.godot/imported/icon_map_add.svg-a13cebbb261c5138d4ca5cbb5df24202.editor.ctex. Make sure resources have been imported by opening the project in the editor at least once.
  Failed loading resource: res://addons/terrain_3d/icons/icon_map_add.svg. Make sure resources have been imported by opening the project in the editor at least once.
  Unable to open file: res://.godot/imported/icon_map_remove.svg-bf5a269f9171f7027b6de1785cc63713.editor.ctex.
  Failed loading resource: res://.godot/imported/icon_map_remove.svg-bf5a269f9171f7027b6de1785cc63713.editor.ctex. Make sure resources have been imported by opening the project in the editor at least once.
  Failed loading resource: res://addons/terrain_3d/icons/icon_map_remove.svg. Make sure resources have been imported by opening the project in the editor at least once.
  Unable to open file: res://.godot/imported/icon_height_add.svg-2928bbcb35ef4816ead056c5bcf5bdbd.editor.ctex.
  Failed loading resource: res://.godot/imported/icon_height_add.svg-2928bbcb35ef4816ead056c5bcf5bdbd.editor.ctex. Make sure resources have been imported by opening the project in the editor at least once.
  Failed loading resource: res://addons/terrain_3d/icons/icon_height_add.svg. Make sure resources have been imported by opening the project in the editor at least once.
  Unable to open file: res://.godot/imported/icon_height_sub.svg-f01f73a219b6c1858d4bd958d01e8130.editor.ctex.
  Failed loading resource: res://.godot/imported/icon_height_sub.svg-f01f73a219b6c1858d4bd958d01e8130.editor.ctex. Make sure resources have been imported by opening the project in the editor at least once.
  Failed loading resource: res://addons/terrain_3d/icons/icon_height_sub.svg. Make sure resources have been imported by opening the project in the editor at least once.

```",,,0,1246542806831599718,false,,,,,,,,,,,,,,,,,,false,11,2024-06-01T19:16:04.794000+00:00,false,0,,,,,,,,,,,,,,,,,,,,,,,,,,,,,,2024-06-01T19:17:03.839000+00:00,false,19,tokisangames,
1246542806831599718,,,,,,,,,,,,,,,,,dec0db347cdf871808cce79c0f2cb304,,,,,,,,,0,,0,Snowminx,328049177374490624,,0,snowminx,,1246540483107487835,,"Okay it loaded this time but the icons aren't there
```
  Unable to open file: res://.godot/imported/icon_map_add.svg-a13cebbb261c5138d4ca5cbb5df24202.editor.ctex.
  Failed loading resource: res://.godot/imported/icon_map_add.svg-a13cebbb261c5138d4ca5cbb5df24202.editor.ctex. Make sure resources have been imported by opening the project in the editor at least once.
  Failed loading resource: res://addons/terrain_3d/icons/icon_map_add.svg. Make sure resources have been imported by opening the project in the editor at least once.
  Unable to open file: res://.godot/imported/icon_map_remove.svg-bf5a269f9171f7027b6de1785cc63713.editor.ctex.
  Failed loading resource: res://.godot/imported/icon_map_remove.svg-bf5a269f9171f7027b6de1785cc63713.editor.ctex. Make sure resources have been imported by opening the project in the editor at least once.
  Failed loading resource: res://addons/terrain_3d/icons/icon_map_remove.svg. Make sure resources have been imported by opening the project in the editor at least once.
  Unable to open file: res://.godot/imported/icon_height_add.svg-2928bbcb35ef4816ead056c5bcf5bdbd.editor.ctex.
  Failed loading resource: res://.godot/imported/icon_height_add.svg-2928bbcb35ef4816ead056c5bcf5bdbd.editor.ctex. Make sure resources have been imported by opening the project in the editor at least once.
  Failed loading resource: res://addons/terrain_3d/icons/icon_height_add.svg. Make sure resources have been imported by opening the project in the editor at least once.
  Unable to open file: res://.godot/imported/icon_height_sub.svg-f01f73a219b6c1858d4bd958d01e8130.editor.ctex.
  Failed loading resource: res://.godot/imported/icon_height_sub.svg-f01f73a219b6c1858d4bd958d01e8130.editor.ctex. Make sure resources have been imported by opening the project in the editor at least once.
  Failed loading resource: res://addons/terrain_3d/icons/icon_height_sub.svg. Make sure resources have been imported by opening the project in the editor at least once.

```",2024-06-01T19:16:04.794Z,,,,,,,,,,,,,,,,0,,,false,,,,,,,,,,,,,,,,,,,,,,,false,11,,,,,,,,,,,,,,,,,,,,,,,,,,,,,,,,,,,,,,,,,,,,,,,,,,,,,,,,,,,,,,,,,,,,,,,,,,,,,,,,,,,,,,,,,,,,,,,,,,,2024-06-01T19:16:04.794000+00:00,false,0,snowminx,
1246542485996437585,,,,,,,,,,,,,,,,,63bbb6f091c634def60a50d7a0995126,,a_c12a5c953352c20bd6e63576e2cce3a0,,1440174638930853956,,,,,0,,128,Reet,672489258782556188,,128,rcosine,,1246540483107487835,,lol,2024-06-01T19:14:48.301Z,,,,,,,,,,,,,,,,0,,,false,,,,,,,,,,,,,,,,,,,,,,,false,10,,,,,,,,,,,,,,,,,,,,,,,,,,,,,,,,,,,,,,,,,,,,,,,,,,,,,,,,,,,,,,,,,,,,,,,,,,,,,,,,,,,,,,,,,,,,,,,,,,,2024-06-01T19:14:48.301000+00:00,false,0,rcosine,
1246542284288295023,,,,,,,,,,,,,,,,,25fd1285287561dee4d39d9ac6f16e8c,,,,,,,,,0,,0,Xtarsia,188054719481118720,,0,xtarsia,,1246540483107487835,,im sensing a theme developing..,2024-06-01T19:14:00.210Z,,,,,,,,,,,,,,,,0,,,false,,,,,,,,,,,,,,,,,,,,,,,false,9,,,,,,,,,,,,,,,,,,,,,,,,,,,,,,,,,,,,,,,,,,,,,,,,,,,,,,,,,,,,,,,,,,,,,,,,,,,,,,,,,,,,,,,,,,,,,,,,,,,2024-06-01T19:14:00.210000+00:00,false,0,xtarsia,
1246542040179806330,,,,,,,,,,,,,,,,,dec0db347cdf871808cce79c0f2cb304,,,,,,,,,0,,0,Snowminx,328049177374490624,,0,snowminx,,1246540483107487835,,Yup just found that haha,2024-06-01T19:13:02.010Z,,,,,,,,,,,,,,,,0,,,false,,,,,,,,,,,,,,,,,,,,,,,false,8,,,,,,,,,,,,,,,,,,,,,,,,,,,,,,,,,,,,,,,,,,,,,,,,,,,,,,,,,,,,,,,,,,,,,,,,,,,,,,,,,,,,,,,,,,,,,,,,,,,2024-06-01T19:13:02.010000+00:00,false,0,snowminx,
1246542020416241664,,,,,,,,,,,,,,,,,dec0db347cdf871808cce79c0f2cb304,,,,,,,,,0,,0,Snowminx,328049177374490624,,0,snowminx,,1246540483107487835,,"Hmm wait maybe it is this?
```
godot-cpp/src/godot.cpp:288 - Cannot load a GDExtension built for Godot 4.2.2 using an older version of Godot (4.2.1).
  core/extension/gdextension.cpp:748 - GDExtension initialization function 'terrain_3d_init' returned an error.
```",2024-06-01T19:12:57.298Z,,,,,,,,,,,,,,,,0,,,false,,,,,,,,,,,,,,,,,,,,,,,false,7,,,,,,,,,,,,,,,,,,,,,,,,,,,,,,,,,,,,,,,,,,,,,,,,,,,,,,,,,,,,,,,,,,,,,,,,,,,,,,,,,,,,,,,,,,,,,,,,,,,2024-06-01T19:12:57.298000+00:00,false,0,snowminx,
1246542018931593250,,,,,,,,,,,,,,,,,7e8c75861a717a11a9fc6ce29d57f23f,,,,,,,,,0,,0,Tokisan Games,455610038350774273,,0,tokisangames,,1246540483107487835,,Try Godot 4.2.2,2024-06-01T19:12:56.944Z,,,,,,,,,,,,,,,,0,,,false,,,,,,,,,,,,,,,,,,,,,,,false,6,,,,,,,,,,,,,,,,,,,,,,,,,,,,,,,,,,,,,,,,,,,,,,,,,,,,,,,,,,,,,,,,,,,,,,,,,,,,,,,,,,,,,,,,,,,,,,,,,,,2024-06-01T19:12:56.944000+00:00,false,0,tokisangames,
1246541882046025941,,,,,,,,,,,,,,,,,dec0db347cdf871808cce79c0f2cb304,,,,,,,,,0,,0,Snowminx,328049177374490624,,0,snowminx,,1246540483107487835,,"```
Godot Engine v4.2.1.stable.mono.official (c) 2007-present Juan Linietsky, Ariel Manzur & Godot Contributors.
  modules/gltf/register_types.cpp:63 - Blend file import is enabled in the project settings, but no Blender path is configured in the editor settings. Blend files will not be imported.
--- Debug adapter server started ---
--- GDScript language server started on port 6005 ---
  res://addons/terrain_3d/editor.gd:13 - Parse Error: Could not find type ""Terrain3D"" in the current scope.
  res://addons/terrain_3d/editor.gd:16 - Parse Error: Could not find type ""Terrain3DEditor"" in the current scope.
  res://addons/terrain_3d/editor.gd:303 - Parse Error: Could not find type ""Terrain3DTextureList"" in the current scope.
  res://addons/terrain_3d/editor.gd:39 - Parse Error: Identifier ""Terrain3DEditor"" not declared in the current scope.
  res://addons/terrain_3d/editor.gd:71 - Parse Error: Could not find type ""Terrain3D"" in the current scope.
  res://addons/terrain_3d/editor.gd:82 - Parse Error: Could not find type ""Terrain3D"" in the current scope.
  res://addons/terrain_3d/editor.gd:193 - Parse Error: Identifier ""Terrain3DEditor"" not declared in the current scope.
  res://addons/terrain_3d/editor.gd:238 - Parse Error: Identifier ""Terrain3DEditor"" not declared in the current scope.
  res://addons/terrain_3d/editor.gd:242 - Parse Error: Identifier ""Terrain3DEditor"" not declared in the current scope.
  res://addons/terrain_3d/editor.gd:243 - Parse Error: Identifier ""Terrain3DEditor"" not declared in the current scope.
  res://addons/terrain_3d/editor.gd:282 - Parse Error: Identifier ""Terrain3DEditor"" not declared in the current scope.
  res://addons/terrain_3d/editor.gd:283 - Parse Error: Identifier ""Terrain3DEditor"" not declared in the current scope.
  res://addons/terrain_3d/editor.gd:309 - Parse Error: Could not find type ""Terrain3DTexture"" in the current scope.
  res://addons/terrain_3d/editor.gd:312 - Parse Error: Identifier ""Terrain3DTextureList"" not declared in the current scope.
  res://addons/terrain_3d/editor.gd:340 - Parse Error: Identifier ""Terrain3DEditor"" not declared in the current scope.
  res://addons/terrain_3d/editor.gd:344 - Parse Error: Identifier ""Terrain3DEditor"" not declared in the current scope.
  res://addons/terrain_3d/editor.gd:344 - Parse Error: Identifier ""Terrain3DEditor"" not declared in the current scope.
  modules/gdscript/gdscript.cpp:2788 - Failed to load script ""res://addons/terrain_3d/editor.gd"" with error ""Parse error"". (User)
  Missing required editor-specific import metadata for a texture (please reimport it using the 'Import' tab): 'res://.godot/imported/icon_brush.svg-8886426485f67abe2233686de39952ce.editor.meta'
  Missing required editor-specific import metadata for a texture (please reimport it using the 'Import' tab): 'res://.godot/
```
thats the beginning",2024-06-01T19:12:24.308Z,,,,,,,,,,,,,,,,0,,,false,,,,,,,,,,,,,,,,,,,,,,,false,5,,,,,,,,,,,,,,,,,,,,,,,,,,,,,,,,,,,,,,,,,,,,,,,,,,,,,,,,,,,,,,,,,,,,,,,,,,,,,,,,,,,,,,,,,,,,,,,,,,,2024-06-01T19:12:24.308000+00:00,false,0,snowminx,
1246541872747249767,,,,,,,,,,,,,,,,,7e8c75861a717a11a9fc6ce29d57f23f,,,,,,,,,0,,0,Tokisan Games,455610038350774273,,0,tokisangames,,1246540483107487835,,I want to see the very beginning of the console,2024-06-01T19:12:22.091Z,,,,,,,,,,,,,,,,0,,,false,,,,,,,,,,,,,,,,,,,,,,,false,4,,,,,,,,,,,,,,,,,,,,,,,,,,,,,,,,,,,,,,,,,,,,,,,,,,,,,,,,,,,,,,,,,,,,,,,,,,,,,,,,,,,,,,,,,,,,,,,,,,,2024-06-01T19:12:22.091000+00:00,false,0,tokisangames,
1246541684255359069,,,,,,,,,,,,,,,,,7e8c75861a717a11a9fc6ce29d57f23f,,,,,,,,,0,,0,Tokisan Games,455610038350774273,,0,tokisangames,,1246540483107487835,,I think there are more messages before this,2024-06-01T19:11:37.151Z,,,,,,,,,,,,,,,,0,,,false,,,,,,,,,,,,,,,,,,,,,,,false,3,,,,,,,,,,,,,,,,,,,,,,,,,,,,,,,,,,,,,,,,,,,,,,,,,,,,,,,,,,,,,,,,,,,,,,,,,,,,,,,,,,,,,,,,,,,,,,,,,,,2024-06-01T19:11:37.151000+00:00,false,0,tokisangames,
1246541474724708436,,,,,,,,,,,,,,,,,dec0db347cdf871808cce79c0f2cb304,,,,,,,,,0,,0,Snowminx,328049177374490624,,0,snowminx,,1246540483107487835,,"```
--- GDScript language server started on port 6005 ---
  res://addons/terrain_3d/editor.gd:13 - Parse Error: Could not find type ""Terrain3D"" in the current scope.
  res://addons/terrain_3d/editor.gd:16 - Parse Error: Could not find type ""Terrain3DEditor"" in the current scope.
  res://addons/terrain_3d/editor.gd:303 - Parse Error: Could not find type ""Terrain3DTextureList"" in the current scope.
  res://addons/terrain_3d/editor.gd:39 - Parse Error: Identifier ""Terrain3DEditor"" not declared in the current scope.
  res://addons/terrain_3d/editor.gd:71 - Parse Error: Could not find type ""Terrain3D"" in the current scope.
  res://addons/terrain_3d/editor.gd:82 - Parse Error: Could not find type ""Terrain3D"" in the current scope.
  res://addons/terrain_3d/editor.gd:193 - Parse Error: Identifier ""Terrain3DEditor"" not declared in the current scope.
  res://addons/terrain_3d/editor.gd:238 - Parse Error: Identifier ""Terrain3DEditor"" not declared in the current scope.
  res://addons/terrain_3d/editor.gd:242 - Parse Error: Identifier ""Terrain3DEditor"" not declared in the current scope.
  res://addons/terrain_3d/editor.gd:243 - Parse Error: Identifier ""Terrain3DEditor"" not declared in the current scope.
  res://addons/terrain_3d/editor.gd:282 - Parse Error: Identifier ""Terrain3DEditor"" not declared in the current scope.
  res://addons/terrain_3d/editor.gd:283 - Parse Error: Identifier ""Terrain3DEditor"" not declared in the current scope.
  res://addons/terrain_3d/editor.gd:309 - Parse Error: Could not find type ""Terrain3DTexture"" in the current scope.
  res://addons/terrain_3d/editor.gd:312 - Parse Error: Identifier ""Terrain3DTextureList"" not declared in the current scope.
  res://addons/terrain_3d/editor.gd:340 - Parse Error: Identifier ""Terrain3DEditor"" not declared in the current scope.
  res://addons/terrain_3d/editor.gd:344 - Parse Error: Identifier ""Terrain3DEditor"" not declared in the current scope.
  res://addons/terrain_3d/editor.gd:344 - Parse Error: Identifier ""Terrain3DEditor"" not declared in the current scope.
  modules/gdscript/gdscript.cpp:2788 - Failed to load script ""res://addons/terrain_3d/editor.gd"" with error ""Parse error"". (User)
```",2024-06-01T19:10:47.195Z,,,,,,,,,,,,,,,,0,,,false,,,,,,,,,,,,,,,,,,,,,,,false,2,,,,,,,,,,,,,,,,,,,,,,,,,,,,,,,,,,,,,,,,,,,,,,,,,,,,,,,,,,,,,,,,,,,,,,,,,,,,,,,,,,,,,,,,,,,,,,,,,,,2024-06-01T19:10:47.195000+00:00,false,0,snowminx,
1246541413156392990,,,,,,,,,,,,,,,,,7e8c75861a717a11a9fc6ce29d57f23f,,,,,,,,,0,,0,Tokisan Games,455610038350774273,,0,tokisangames,,1246540483107487835,,The first several,2024-06-01T19:10:32.516Z,,,,,,,,,,,,,,,,0,,,false,,,,,,,,,,,,,,,,,,,,,,,false,1,,,,,,,,,,,,,,,,,,,,,,,,,,,,,,,,,,,,,,,,,,,,,,,,,,,,,,,,,,,,,,,,,,,,,,,,,,,,,,,,,,,,,,,,,,,,,,,,,,,2024-06-01T19:10:32.516000+00:00,false,0,tokisangames,
1246541369745346772,,,,,,,,,,,,,,,,,dec0db347cdf871808cce79c0f2cb304,,,,,,,,,0,,0,Snowminx,328049177374490624,,0,snowminx,,1246540483107487835,,There are many many errors here are some,2024-06-01T19:10:22.166Z,,,,,,,,,,,,,,,,0,,,false,,,,,,,,,,,,,,,,,,,,,,,false,,,,,,,,,,,,,,,,,,,,,,,,,,,,,,,,,,,,,,,,,,,,,,,,,,,,,,,,,,,,,,,,,,,,,,,,,,,,,,,,,,,,,,,,,,,,,,,,,,,,2024-06-01T19:10:22.166000+00:00,false,0,snowminx,
1246540483107487835,,,,,,,,,,,,,,,,,7e8c75861a717a11a9fc6ce29d57f23f,,,,,,,,,0,,0,Tokisan Games,455610038350774273,,0,tokisangames,,1130291534802202735,,What does your console say? That message means nothing.,2024-06-01T19:06:50.775Z,,,,,,,,,,,,,,,,32,,,false,,,dec0db347cdf871808cce79c0f2cb304,,,,,,0,,0,Snowminx,328049177374490624,,0,snowminx,,1130291534802202735,691957978680786944,1246540312298655796,0,,false,,,,,,,,,,,,,,,1,image/png,Screenshot_2024-06-01_120407.png,337,1246540312118169661,z/cFAYB5h4dxiAiGDHW2YHY=,1,https://media.discordapp.net/attachments/1130291534802202735/1246540312118169661/Screenshot_2024-06-01_120407.png?ex=69654622&is=6963f4a2&hm=689e52ba79ffbe58b2d370a8e608d6f0b2bb319629a291145226c073ff5dfb3d&,61074,https://cdn.discordapp.com/attachments/1130291534802202735/1246540312118169661/Screenshot_2024-06-01_120407.png?ex=69654622&is=6963f4a2&hm=689e52ba79ffbe58b2d370a8e608d6f0b2bb319629a291145226c073ff5dfb3d&,2184,,dec0db347cdf871808cce79c0f2cb304,,,,,,0,,0,Snowminx,328049177374490624,,0,snowminx,1130291534802202735,,"<@455610038350774273> I just tried today (busy week), following the steps for upgrading from the readthedocs it doesn't seem to work, as I get errors when trying to use Terrain3D",,,0,1246540312298655796,false,,,,7e8c75861a717a11a9fc6ce29d57f23f,,,,,,0,,0,Tokisan Games,455610038350774273,,0,tokisangames,false,,2024-06-01T19:06:10.051000+00:00,false,0,,,,,,64000,0,691957978680786944,1246540483107487835,1246663668976844800,4,672489258782556188,188054719481118720,455610038350774273,328049177374490624,28,Console,328049177374490624,1130291534802202735,0,,2024-07-02T03:19:02.099000+00:00,true,4320,2024-06-01T19:10:11.457000+00:00,false,28,11,0,2024-06-01T19:06:50.775000+00:00,false,19,tokisangames,