id,activity,application,application_id,attachments,attachments.0.content_scan_version,attachments.0.content_type,attachments.0.filename,attachments.0.height,attachments.0.id,attachments.0.placeholder,attachments.0.placeholder_version,attachments.0.proxy_url,attachments.0.size,attachments.0.title,attachments.0.url,attachments.0.width,author.accent_color,author.avatar,author.avatar_decoration_data,author.banner,author.banner_color,author.clan,author.collectibles,author.discriminator,author.display_name_styles,author.flags,author.global_name,author.id,author.primary_guild,author.public_flags,author.username,call,channel_id,components,content,date,edited_timestamp,embeds,embeds.0.color,embeds.0.content_scan_version,embeds.0.provider.name,embeds.0.thumbnail.content_type,embeds.0.thumbnail.flags,embeds.0.thumbnail.height,embeds.0.thumbnail.placeholder,embeds.0.thumbnail.placeholder_version,embeds.0.thumbnail.proxy_url,embeds.0.thumbnail.url,embeds.0.thumbnail.width,embeds.0.title,embeds.0.type,embeds.0.url,flags,interaction,mention_channels,mention_everyone,mentions,mentions.0.accent_color,mentions.0.avatar,mentions.0.avatar_decoration_data,mentions.0.banner,mentions.0.banner_color,mentions.0.clan,mentions.0.collectibles,mentions.0.discriminator,mentions.0.display_name_styles,mentions.0.flags,mentions.0.global_name,mentions.0.id,mentions.0.primary_guild,mentions.0.public_flags,mentions.0.username,mentions.1.accent_color,mentions.1.avatar,mentions.1.avatar_decoration_data,mentions.1.banner,mentions.1.banner_color,mentions.1.clan,mentions.1.collectibles,mentions.1.discriminator,mentions.1.display_name_styles,mentions.1.flags,mentions.1.global_name,mentions.1.id,mentions.1.primary_guild,mentions.1.public_flags,mentions.1.username,message_reference,message_reference.channel_id,message_reference.guild_id,message_reference.message_id,message_reference.type,nonce,pinned,position,reactions,reactions.0.burst_colors,reactions.0.burst_count,reactions.0.burst_me,reactions.0.count,reactions.0.count_details.burst,reactions.0.count_details.normal,reactions.0.emoji.id,reactions.0.emoji.name,reactions.0.me,reactions.0.me_burst,referenced_message,referenced_message.attachments,referenced_message.author.accent_color,referenced_message.author.avatar,referenced_message.author.avatar_decoration_data,referenced_message.author.banner,referenced_message.author.banner_color,referenced_message.author.clan,referenced_message.author.collectibles,referenced_message.author.discriminator,referenced_message.author.display_name_styles,referenced_message.author.flags,referenced_message.author.global_name,referenced_message.author.id,referenced_message.author.primary_guild,referenced_message.author.public_flags,referenced_message.author.username,referenced_message.channel_id,referenced_message.components,referenced_message.content,referenced_message.edited_timestamp,referenced_message.embeds,referenced_message.flags,referenced_message.id,referenced_message.mention_everyone,referenced_message.mention_roles,referenced_message.mentions,referenced_message.mentions.0.accent_color,referenced_message.mentions.0.avatar,referenced_message.mentions.0.avatar_decoration_data,referenced_message.mentions.0.banner,referenced_message.mentions.0.banner_color,referenced_message.mentions.0.clan,referenced_message.mentions.0.collectibles,referenced_message.mentions.0.discriminator,referenced_message.mentions.0.display_name_styles,referenced_message.mentions.0.flags,referenced_message.mentions.0.global_name,referenced_message.mentions.0.id,referenced_message.mentions.0.primary_guild,referenced_message.mentions.0.public_flags,referenced_message.mentions.0.username,referenced_message.mentions.1.accent_color,referenced_message.mentions.1.avatar,referenced_message.mentions.1.avatar_decoration_data,referenced_message.mentions.1.banner,referenced_message.mentions.1.banner_color,referenced_message.mentions.1.clan,referenced_message.mentions.1.collectibles,referenced_message.mentions.1.discriminator,referenced_message.mentions.1.display_name_styles,referenced_message.mentions.1.flags,referenced_message.mentions.1.global_name,referenced_message.mentions.1.id,referenced_message.mentions.1.primary_guild,referenced_message.mentions.1.public_flags,referenced_message.mentions.1.username,referenced_message.message_reference.channel_id,referenced_message.message_reference.guild_id,referenced_message.message_reference.message_id,referenced_message.message_reference.type,referenced_message.pinned,referenced_message.position,referenced_message.timestamp,referenced_message.tts,referenced_message.type,resolved,role_subscription_data,sticker_items,stickers,thread,thread.bitrate,thread.flags,thread.guild_id,thread.id,thread.last_message_id,thread.member_count,thread.member_ids_preview.0,thread.member_ids_preview.1,thread.member_ids_preview.2,thread.message_count,thread.name,thread.owner_id,thread.parent_id,thread.rate_limit_per_user,thread.rtc_region,thread.thread_metadata.archive_timestamp,thread.thread_metadata.archived,thread.thread_metadata.auto_archive_duration,thread.thread_metadata.create_timestamp,thread.thread_metadata.locked,thread.total_message_sent,thread.type,thread.user_limit,timestamp,tts,type,userName,webhook_id
1337108928709918760,,,,,,,,,,,,,,,,,,7e8c75861a717a11a9fc6ce29d57f23f,,,,,,0,,0,Tokisan Games,455610038350774273,,0,tokisangames,,1332695349705441301,,I will look and see where my notes are addressed. Then I will look at the whole thing again.,2025-02-06T17:13:30.887Z,,,,,,,,,,,,,,,,,0,,,false,,,,,,,,,,,,,,,,,,,,,,,,,,,,,,,,,,,,,,false,129,,,0,false,1,0,1,,üëç,false,false,,,,,,,,,,,,,,,,,,,,,,,,,,,,,,,,,,,,,,,,,,,,,,,,,,,,,,,,,,,,,,,,,,,,,,,,,,,,,,,,,,,,,,,,,,,,,,,2025-02-06T17:13:30.887000+00:00,false,0,tokisangames,
1337108913648304199,,,,,,,,,,,,,,,,,,17fce6d938d625141e3adcd1e4c4565f,,,,,,0,,0,Laurent,204264549145116672,,0,laurentsnt,,1332695349705441301,,(squashed),2025-02-06T17:13:27.296Z,,,,,,,,,,,,,,,,,0,,,false,,,,,,,,,,,,,,,,,,,,,,,,,,,,,,,,,,,,,,false,128,,,,,,,,,,,,,,,,,,,,,,,,,,,,,,,,,,,,,,,,,,,,,,,,,,,,,,,,,,,,,,,,,,,,,,,,,,,,,,,,,,,,,,,,,,,,,,,,,,,,,,,,,,2025-02-06T17:13:27.296000+00:00,false,0,laurentsnt,
1337107347968888892,,,,,,,,,,,,,,,,,,17fce6d938d625141e3adcd1e4c4565f,,,,,,0,,0,Laurent,204264549145116672,,0,laurentsnt,,1332695349705441301,,So you don't care about reviewing the changes since the last review? I simply squash all at once and let you review the full PR,2025-02-06T17:07:14.009Z,,,,,,,,,,,,,,,,,0,,,false,,,,,,,,,,,,,,,,,,,,,,,,,,,,,,,,,,,,,,false,127,,,,,,,,,,,,,,,,,,,,,,,,,,,,,,,,,,,,,,,,,,,,,,,,,,,,,,,,,,,,,,,,,,,,,,,,,,,,,,,,,,,,,,,,,,,,,,,,,,,,,,,,,,2025-02-06T17:07:14.009000+00:00,false,0,laurentsnt,
1337106981722394745,,,,,,,,,,,,,,,,,,7e8c75861a717a11a9fc6ce29d57f23f,,,,,,0,,0,Tokisan Games,455610038350774273,,0,tokisangames,,1332695349705441301,,I won't look at the individual commits. Go ahead and squash. I probably won't get to it until saturday or sunday.,2025-02-06T17:05:46.689Z,,,,,,,,,,,,,,,,,0,,,false,,,,,,,,,,,,,,,,,,,,,,,,,,,,,,,,,,,,,,false,126,,,,,,,,,,,,,,,,,,,,,,,,,,,,,,,,,,,,,,,,,,,,,,,,,,,,,,,,,,,,,,,,,,,,,,,,,,,,,,,,,,,,,,,,,,,,,,,,,,,,,,,,,,2025-02-06T17:05:46.689000+00:00,false,0,tokisangames,
1337105794021457984,,,,,,,,,,,,,,,,,,17fce6d938d625141e3adcd1e4c4565f,,,,,,0,,0,Laurent,204264549145116672,,0,laurentsnt,,1332695349705441301,,"That was it, thanks for the tip,

I addressed all your comments,
how do you usually proceed with second reviews?

I usually let the reviewer check the fixes and resolve their own comments, I can squash per code / doc / demo once you re-reviewed",2025-02-06T17:01:03.519Z,,,,,,,,,,,,,,,,,0,,,false,,,,,,,,,,,,,,,,,,,,,,,,,,,,,,,,,,,,,,false,125,,,,,,,,,,,,,,,,,,,,,,,,,,,,,,,,,,,,,,,,,,,,,,,,,,,,,,,,,,,,,,,,,,,,,,,,,,,,,,,,,,,,,,,,,,,,,,,,,,,,,,,,,,2025-02-06T17:01:03.519000+00:00,false,0,laurentsnt,
1337086602261958787,,,,,,,,,,,,,,,,,,7e8c75861a717a11a9fc6ce29d57f23f,,,,,,0,,0,Tokisan Games,455610038350774273,,0,tokisangames,,1332695349705441301,,Try using node* for parameters.,2025-02-06T15:44:47.847Z,,,,,,,,,,,,,,,,,0,,,false,,,,,,,,,,,,,,,,,,,,,,,,,,,,,,,,,,,,,,false,124,,,,,,,,,,,,,,,,,,,,,,,,,,,,,,,,,,,,,,,,,,,,,,,,,,,,,,,,,,,,,,,,,,,,,,,,,,,,,,,,,,,,,,,,,,,,,,,,,,,,,,,,,,2025-02-06T15:44:47.847000+00:00,false,0,tokisangames,
1337069801096482906,,,,,,,,,,,,,,,,,,17fce6d938d625141e3adcd1e4c4565f,,,,,,0,,0,Laurent,204264549145116672,,0,laurentsnt,,1332695349705441301,,"Almost there with the PR üôè 

I'd need a hint,
it's super basic, but cpp is just giving me a huge templating error and no luck finding an example online or in godot-cpp,

in:
https://github.com/TokisanGames/Terrain3D/pull/604/commits/1a0b6d9ce51a3cedebd090598f988550745738be#diff-b0a0758cc4e4808d0251814071a17c1e7e337f70d48a110ef7dee018e9d258f0R320

What's the /right/ way to implement:

```
mesh_instances.sort_custom(callable_mp_static(&Terrain3DMeshAsset::sort_lod_nodes));
```

?",2025-02-06T14:38:02.137Z,,,,,,,,,,,,,,,,,4,,,false,,,,,,,,,,,,,,,,,,,,,,,,,,,,,,,,,,,,,,false,123,,,,,,,,,,,,,,,,,,,,,,,,,,,,,,,,,,,,,,,,,,,,,,,,,,,,,,,,,,,,,,,,,,,,,,,,,,,,,,,,,,,,,,,,,,,,,,,,,,,,,,,,,,2025-02-06T14:38:02.137000+00:00,false,0,laurentsnt,
1334215969677119650,,,,,,,,,,,,,,,,,,25fd1285287561dee4d39d9ac6f16e8c,,,,,,0,,0,Xtarsia,188054719481118720,,0,xtarsia,,1332695349705441301,,"I wouldn't include any painted meshes in the demo scene, since its used as a sort of bench mark for the terrain. The example scene and mesh asset setup can stay tho.",2025-01-29T17:37:55.705Z,,,,,,,,,,,,,,,,,0,,,false,,,,,,,,,,,,,,,,,,,,,,,,,,,,,,,,,,,,,,false,122,,,0,false,1,0,1,,üëç,false,false,,,,,,,,,,,,,,,,,,,,,,,,,,,,,,,,,,,,,,,,,,,,,,,,,,,,,,,,,,,,,,,,,,,,,,,,,,,,,,,,,,,,,,,,,,,,,,,2025-01-29T17:37:55.705000+00:00,false,0,xtarsia,
1334214754813874228,,,,,,,,,,,,,,,,,,25fd1285287561dee4d39d9ac6f16e8c,,,,,,0,,0,Xtarsia,188054719481118720,,0,xtarsia,,1332695349705441301,,maybe change the LOD0 sphere to 32 radial / 16 rings,2025-01-29T17:33:06.059Z,,,,,,,,,,,,,,,,,0,,,false,,,,,,,,,,,,,,,,,,,,,,,,,,,,,,,,,,,,,,false,121,,,,,,,,,,,,,,,,,,,,,,,,,,,,,,,,,,,,,,,,,,,,,,,,,,,,,,,,,,,,,,,,,,,,,,,,,,,,,,,,,,,,,,,,,,,,,,,,,,,,,,,,,,2025-01-29T17:33:06.059000+00:00,false,0,xtarsia,
1334213745681105000,,,,,,,,,,,,,,,,,,25fd1285287561dee4d39d9ac6f16e8c,,,,,,0,,0,Xtarsia,188054719481118720,,0,xtarsia,,1332695349705441301,,Smoothly transitioning LODs with 32 cellsize requires the both LODs to be visible for the entire transition. So its only worth it in some situations.,2025-01-29T17:29:05.463Z,2025-01-29T17:29:44.356000+00:00,,,,,,,,,,,,,,,,0,,,false,,,,,,,,,,,,,,,,,,,,,,,,,,,,,,,,,,,,,,false,120,,,,,,,,,,,,,,,,,,,,,,,,,,,,,,,,,,,,,,,,,,,,,,,,,,,,,,,,,,,,,,,,,,,,,,,,,,,,,,,,,,,,,,,,,,,,,,,,,,,,,,,,,,2025-01-29T17:29:05.463000+00:00,false,0,xtarsia,
1334212982284091482,,,,,,,,,,,,,,,,,,25fd1285287561dee4d39d9ac6f16e8c,,,,,,0,,0,Xtarsia,188054719481118720,,0,xtarsia,,1332695349705441301,,https://github.com/TokisanGames/Terrain3D/commit/16990379a27f05e3a1d34b991d8c8adafeeb05ad,2025-01-29T17:26:03.455Z,,,1975079,0,GitHub,,,,,,,,,update example mmi LOD scene ¬∑ TokisanGames/Terrain3D@1699037,article,https://github.com/TokisanGames/Terrain3D/commit/16990379a27f05e3a1d34b991d8c8adafeeb05ad,0,,,false,,,,,,,,,,,,,,,,,,,,,,,,,,,,,,,,,,,,,,false,119,,,0,false,1,0,1,,üôè,false,false,,,,,,,,,,,,,,,,,,,,,,,,,,,,,,,,,,,,,,,,,,,,,,,,,,,,,,,,,,,,,,,,,,,,,,,,,,,,,,,,,,,,,,,,,,,,,,,2025-01-29T17:26:03.455000+00:00,false,0,xtarsia,
1334210662905282734,,,,,,,,,,,,,,,,,,25fd1285287561dee4d39d9ac6f16e8c,,,,,,0,,0,Xtarsia,188054719481118720,,0,xtarsia,,1332695349705441301,,"Nothing too fancy, just a fairly big margin, and manually setting appropriate fade-out with a separate material on each LOD.",2025-01-29T17:16:50.472Z,,,,,,,,,,,,,,,,,0,,,false,,,,,,,,,,,,,,,,,,,,,,,,,,,,,,,,,,,,,,false,118,,,,,,,,,,,,,,,,,,,,,,,,,,,,,,,,,,,,,,,,,,,,,,,,,,,,,,,,,,,,,,,,,,,,,,,,,,,,,,,,,,,,,,,,,,,,,,,,,,,,,,,,,,2025-01-29T17:16:50.472000+00:00,false,0,xtarsia,
1334205728356962396,,,,,,,,,,,,,,,,,,17fce6d938d625141e3adcd1e4c4565f,,,,,,0,,0,Laurent,204264549145116672,,0,laurentsnt,,1332695349705441301,,<@188054719481118720> Could you update the demo with these? That would be super useful to see how you implemented the dithering. Do you hardcode distances or is there something smarter at work?,2025-01-29T16:57:13.984Z,,,,,,,,,,,,,,,,,0,,,false,,,25fd1285287561dee4d39d9ac6f16e8c,,,,,,0,,0,Xtarsia,188054719481118720,,0,xtarsia,,,,,,,,,,,,,,,,,,,,,,false,117,,,,,,,,,,,,,,,,,,,,,,,,,,,,,,,,,,,,,,,,,,,,,,,,,,,,,,,,,,,,,,,,,,,,,,,,,,,,,,,,,,,,,,,,,,,,,,,,,,,,,,,,,,2025-01-29T16:57:13.984000+00:00,false,0,laurentsnt,
1334205078802006117,,,,,,,,,,,,,,,,,,17fce6d938d625141e3adcd1e4c4565f,,,,,,0,,0,Laurent,204264549145116672,,0,laurentsnt,,1332695349705441301,,PR squashed üôÇ,2025-01-29T16:54:39.118Z,,,,,,,,,,,,,,,,,0,,,false,,,,,,,,,,,,,,,,,,,,,,,,,,,,,,,,,,,,,,false,116,,,,,,,,,,,,,,,,,,,,,,,,,,,,,,,,,,,,,,,,,,,,,,,,,,,,,,,,,,,,,,,,,,,,,,,,,,,,,,,,,,,,,,,,,,,,,,,,,,,,,,,,,,2025-01-29T16:54:39.118000+00:00,false,0,laurentsnt,
1333859707164688395,,,,,,,,,,,,,,,,,,25fd1285287561dee4d39d9ac6f16e8c,,,,,,0,,0,Xtarsia,188054719481118720,,0,xtarsia,,1332695349705441301,,"Takes a bit of setup, but Laurents PR provides whats needed now üôÇ",2025-01-28T18:02:16.103Z,2025-01-28T18:02:27.378000+00:00,,,,,,,,,,,,,,,,0,,,false,,,,,,,,,,,,,,,,,,,,,,,,,,,,,,,,,,,,,,false,115,,,0,false,1,0,1,,üî•,false,false,,,,,,,,,,,,,,,,,,,,,,,,,,,,,,,,,,,,,,,,,,,,,,,,,,,,,,,,,,,,,,,,,,,,,,,,,,,,,,,,,,,,,,,,,,,,,,,2025-01-28T18:02:16.103000+00:00,false,0,xtarsia,
1333859234420359179,,,,,,,,,,,,,,,,,,7e8c75861a717a11a9fc6ce29d57f23f,,,,,,0,,0,Tokisan Games,455610038350774273,,0,tokisangames,,1332695349705441301,,"Wow, looks amazing.",2025-01-28T18:00:23.392Z,,,,,,,,,,,,,,,,,0,,,false,,,,,,,,,,,,,,,,,,,,,,,,,,,,,,,,,,,,,,false,114,,,,,,,,,,,,,,,,,,,,,,,,,,,,,,,,,,,,,,,,,,,,,,,,,,,,,,,,,,,,,,,,,,,,,,,,,,,,,,,,,,,,,,,,,,,,,,,,,,,,,,,,,,2025-01-28T18:00:23.392000+00:00,false,0,tokisangames,
1333858272872235195,,,,,,,,,,,,,,,,,,25fd1285287561dee4d39d9ac6f16e8c,,,,,,0,,0,Xtarsia,188054719481118720,,0,xtarsia,,1332695349705441301,,working incredibly well!,2025-01-28T17:56:34.141Z,,,,,,,,,,,,,,,,,0,,,false,,,,,,,,,,,,,,,,,,,,,,,,,,,,,,,,,,,,,,false,113,,,,,,,,,,,,,,,,,,,,,,,,,,,,,,,,,,,,,,,,,,,,,,,,,,,,,,,,,,,,,,,,,,,,,,,,,,,,,,,,,,,,,,,,,,,,,,,,,,,,,,,,,,2025-01-28T17:56:34.141000+00:00,false,0,xtarsia,
1333858195474612400,,,,,1,image/png,image.png,542,1333858195407634494,EygKI4g5VpaKdwen9ncNa0g=,1,https://media.discordapp.net/attachments/1332695349705441301/1333858195407634494/image.png?ex=696535bf&is=6963e43f&hm=d3cda717576db45808735b05b5c9a05060d367f7d693da94af9d90514706e3a7&,390044,,https://cdn.discordapp.com/attachments/1332695349705441301/1333858195407634494/image.png?ex=696535bf&is=6963e43f&hm=d3cda717576db45808735b05b5c9a05060d367f7d693da94af9d90514706e3a7&,1220,,25fd1285287561dee4d39d9ac6f16e8c,,,,,,0,,0,Xtarsia,188054719481118720,,0,xtarsia,,1332695349705441301,,,2025-01-28T17:56:15.688Z,,,,,,,,,,,,,,,,,0,,,false,,,,,,,,,,,,,,,,,,,,,,,,,,,,,,,,,,,,,,false,112,,,,,,,,,,,,,,,,,,,,,,,,,,,,,,,,,,,,,,,,,,,,,,,,,,,,,,,,,,,,,,,,,,,,,,,,,,,,,,,,,,,,,,,,,,,,,,,,,,,,,,,,,,2025-01-28T17:56:15.688000+00:00,false,0,xtarsia,
1333857917471817850,,,,,,,,,,,,,,,,,,25fd1285287561dee4d39d9ac6f16e8c,,,,,,0,,0,Xtarsia,188054719481118720,,0,xtarsia,,1332695349705441301,,smoooth LOD transitions,2025-01-28T17:55:09.407Z,,,,,,,,,,,,,,,,,0,,,false,,,,,,,,,,,,,,,,,,,,,,,,,,,,,,,,,,,,,,false,111,,,,,,,,,,,,,,,,,,,,,,,,,,,,,,,,,,,,,,,,,,,,,,,,,,,,,,,,,,,,,,,,,,,,,,,,,,,,,,,,,,,,,,,,,,,,,,,,,,,,,,,,,,2025-01-28T17:55:09.407000+00:00,false,0,xtarsia,
1333857847209099315,,,,,1,video/mp4,Godot_v4.3-stable_win64_50Ly5aINKQ.mp4,796,1333857846814838947,WwkKG4J4eHiPd6d4anBiBgc=,1,https://media.discordapp.net/attachments/1332695349705441301/1333857846814838947/Godot_v4.3-stable_win64_50Ly5aINKQ.mp4?ex=6965356c&is=6963e3ec&hm=b623ebfdeae4b7cd173f00b3fd22b72b160221bdc82800fd7cf59b19c145dd3d&,10165740,,https://cdn.discordapp.com/attachments/1332695349705441301/1333857846814838947/Godot_v4.3-stable_win64_50Ly5aINKQ.mp4?ex=6965356c&is=6963e3ec&hm=b623ebfdeae4b7cd173f00b3fd22b72b160221bdc82800fd7cf59b19c145dd3d&,1646,,25fd1285287561dee4d39d9ac6f16e8c,,,,,,0,,0,Xtarsia,188054719481118720,,0,xtarsia,,1332695349705441301,,"crossover, with some pixel dithering. spheres are less rings/division at each LOD",2025-01-28T17:54:52.655Z,,,,,,,,,,,,,,,,,0,,,false,,,,,,,,,,,,,,,,,,,,,,,,,,,,,,,,,,,,,,false,110,,,,,,,,,,,,,,,,,,,,,,,,,,,,,,,,,,,,,,,,,,,,,,,,,,,,,,,,,,,,,,,,,,,,,,,,,,,,,,,,,,,,,,,,,,,,,,,,,,,,,,,,,,2025-01-28T17:54:52.655000+00:00,false,0,xtarsia,
1333721894955782226,,,,,,,,,,,,,,,,,,25fd1285287561dee4d39d9ac6f16e8c,,,,,,0,,0,Xtarsia,188054719481118720,,0,xtarsia,,1332695349705441301,,"Nice, it looks good. I will be able to test it later when i get home. Its worth squashing the commits down and cleaning things up if you have time before then.",2025-01-28T08:54:39.112Z,,,,,,,,,,,,,,,,,0,,,false,,,,,,,,,,,,,,,,,,,,,,,,,,,,,,,,,,,,,,false,109,,,0,false,1,0,1,,üëç,false,false,,,,,,,,,,,,,,,,,,,,,,,,,,,,,,,,,,,,,,,,,,,,,,,,,,,,,,,,,,,,,,,,,,,,,,,,,,,,,,,,,,,,,,,,,,,,,,,2025-01-28T08:54:39.112000+00:00,false,0,xtarsia,
1333716784808726550,,,,,,,,,,,,,,,,,,17fce6d938d625141e3adcd1e4c4565f,,,,,,0,,0,Laurent,204264549145116672,,0,laurentsnt,,1332695349705441301,,I updated the PR,2025-01-28T08:34:20.758Z,,,,,,,,,,,,,,,,,0,,,false,,,,,,,,,,,,,,,,,,,,,,,,,,,,,,,,,,,,,,false,108,,,,,,,,,,,,,,,,,,,,,,,,,,,,,,,,,,,,,,,,,,,,,,,,,,,,,,,,,,,,,,,,,,,,,,,,,,,,,,,,,,,,,,,,,,,,,,,,,,,,,,,,,,2025-01-28T08:34:20.758000+00:00,false,0,laurentsnt,
1333716402695176192,,,,,,,,,,,,,,,,,,17fce6d938d625141e3adcd1e4c4565f,,,,,,0,,0,Laurent,204264549145116672,,0,laurentsnt,,1332695349705441301,,"Hehe you know, optimists see the donut, not the hole",2025-01-28T08:32:49.655Z,,,,,,,,,,,,,,,,,0,,,false,,,,,,,,,,,,,,,,,,,,,,,,,,,,,,,,,,,,,,false,107,,,,,,,,,,,,,,,,,,,,,,,,,,,,,,,,,,,,,,,,,,,,,,,,,,,,,,,,,,,,,,,,,,,,,,,,,,,,,,,,,,,,,,,,,,,,,,,,,,,,,,,,,,2025-01-28T08:32:49.655000+00:00,false,0,laurentsnt,
1333502151233765396,,,,,,,,,,,,,,,,,,25fd1285287561dee4d39d9ac6f16e8c,,,,,,0,,0,Xtarsia,188054719481118720,,0,xtarsia,,1332695349705441301,,the giant hole in the middle?,2025-01-27T18:21:28.126Z,,,,,,,,,,,,,,,,,0,,,false,,,17fce6d938d625141e3adcd1e4c4565f,,,,,,0,,0,Laurent,204264549145116672,,0,laurentsnt,,,,,,,,,,,,,,,,,1332695349705441301,691957978680786944,1333499254139912263,0,,false,106,,,,,,,,,,,,,,,17fce6d938d625141e3adcd1e4c4565f,,,,,,0,,0,Laurent,204264549145116672,,0,laurentsnt,1332695349705441301,,"That works for me, but is there an issue in the screenshot I should notice?",2025-01-27T18:10:59.074000+00:00,,0,1333499254139912263,false,,,,,,,,,,,,,,,,,,,,,,,,,,,,,,,,,,,,,false,105,2025-01-27T18:09:57.405000+00:00,false,0,,,,,,,,,,,,,,,,,,,,,,,,,,,,,2025-01-27T18:21:28.126000+00:00,false,19,xtarsia,
1333499254139912263,,,,,,,,,,,,,,,,,,17fce6d938d625141e3adcd1e4c4565f,,,,,,0,,0,Laurent,204264549145116672,,0,laurentsnt,,1332695349705441301,,"That works for me, but is there an issue in the screenshot I should notice?",2025-01-27T18:09:57.405Z,2025-01-27T18:10:59.074000+00:00,,,,,,,,,,,,,,,,0,,,false,,,,,,,,,,,,,,,,,,,,,,,,,,,,,,,,,,,,,,false,105,,,,,,,,,,,,,,,,,,,,,,,,,,,,,,,,,,,,,,,,,,,,,,,,,,,,,,,,,,,,,,,,,,,,,,,,,,,,,,,,,,,,,,,,,,,,,,,,,,,,,,,,,,2025-01-27T18:09:57.405000+00:00,false,0,laurentsnt,
1333458087033573418,,,,,,,,,,,,,,,,,,25fd1285287561dee4d39d9ac6f16e8c,,,,,,0,,0,Xtarsia,188054719481118720,,0,xtarsia,,1332695349705441301,,leaving the actual godot vis range margin at 0,2025-01-27T15:26:22.402Z,,,,,,,,,,,,,,,,,0,,,false,,,,,,,,,,,,,,,,,,,,,,,,,,,,,,,,,,,,,,false,104,,,,,,,,,,,,,,,,,,,,,,,,,,,,,,,,,,,,,,,,,,,,,,,,,,,,,,,,,,,,,,,,,,,,,,,,,,,,,,,,,,,,,,,,,,,,,,,,,,,,,,,,,,2025-01-27T15:26:22.402000+00:00,false,0,xtarsia,
1333457745826943057,,,,,1,image/png,image.png,583,1333457745374089248,HPgNEoAviXWGiGh3CX35G30=,1,https://media.discordapp.net/attachments/1332695349705441301/1333457745374089248/image.png?ex=6965bb0c&is=6964698c&hm=01c74ec147aadd932f3c6c44b1085f45f0114ebbfd5fcb99dbbeb6d4be541454&,1462349,,https://cdn.discordapp.com/attachments/1332695349705441301/1333457745374089248/image.png?ex=6965bb0c&is=6964698c&hm=01c74ec147aadd932f3c6c44b1085f45f0114ebbfd5fcb99dbbeb6d4be541454&,1817,,25fd1285287561dee4d39d9ac6f16e8c,,,,,,0,,0,Xtarsia,188054719481118720,,0,xtarsia,,1332695349705441301,,"<@204264549145116672> 

Built from the latest commit, changed only Margin from 0 to 5, saved and restarted just in case, and this can happen fairly easily.

I think it would be better to use it as a true cross-over margin, eg when setting the range begin, subtract (margin / 2) and when setting range end, add (margin / 2).",2025-01-27T15:25:01.052Z,,,,,,,,,,,,,,,,,0,,,false,,,17fce6d938d625141e3adcd1e4c4565f,,,,,,0,,0,Laurent,204264549145116672,,0,laurentsnt,,,,,,,,,,,,,,,,,,,,,,false,103,,,0,false,1,0,1,,üëç,false,false,,,,,,,,,,,,,,,,,,,,,,,,,,,,,,,,,,,,,,,,,,,,,,,,,,,,,,,,,,,,,,,,,,,,,,,,,,,,,,,,,,,,,,,,,,,,,,,2025-01-27T15:25:01.052000+00:00,false,0,xtarsia,
1333156418550763600,,,,,,,,,,,,,,,,,,17fce6d938d625141e3adcd1e4c4565f,,,,,,0,,0,Laurent,204264549145116672,,0,laurentsnt,,1332695349705441301,,"Aaaaand that's fixed, lod0 working now, it was an issue with early exiting `_destroy_mmi_by_cell`, which was hidden in other cases ü§¶‚Äç‚ôÇÔ∏è",2025-01-26T19:27:39.031Z,,,,,,,,,,,,,,,,,0,,,false,,,,,,,,,,,,,,,,,,,,,,,,,,,,,,,,,,,,,,false,102,,,,,,,,,,,,,,,,,,,,,,,,,,,,,,,,,,,,,,,,,,,,,,,,,,,,,,,,,,,,,,,,,,,,,,,,,,,,,,,,,,,,,,,,,,,,,,,,,,,,,,,,,,2025-01-26T19:27:39.031000+00:00,false,0,laurentsnt,
1333125125880680448,,,,,,,,,,,,,,,,,,17fce6d938d625141e3adcd1e4c4565f,,,,,,0,,0,Laurent,204264549145116672,,0,laurentsnt,,1332695349705441301,,"woops, I see the issue",2025-01-26T17:23:18.277Z,,,,,,,,,,,,,,,,,0,,,false,,,,,,,,,,,,,,,,,,,,,,,,,,,,,,,,,,,,,,false,101,,,,,,,,,,,,,,,,,,,,,,,,,,,,,,,,,,,,,,,,,,,,,,,,,,,,,,,,,,,,,,,,,,,,,,,,,,,,,,,,,,,,,,,,,,,,,,,,,,,,,,,,,,2025-01-26T17:23:18.277000+00:00,false,0,laurentsnt,
1333124629203648593,,,,,,,,,,,,,,,,,,17fce6d938d625141e3adcd1e4c4565f,,,,,,0,,0,Laurent,204264549145116672,,0,laurentsnt,,1332695349705441301,,https://github.com/TokisanGames/Terrain3D/pull/604/commits/dd04ba2880a1d5c66e86504e2853fd87acfde1c2,2025-01-26T17:21:19.860Z,,,,,,,,,,,,,,,,,1028,,,false,,,,,,,,,,,,,,,,,,,,,,,,,,,,,,,,,,,,,,false,100,,,,,,,,,,,,,,,,,,,,,,,,,,,,,,,,,,,,,,,,,,,,,,,,,,,,,,,,,,,,,,,,,,,,,,,,,,,,,,,,,,,,,,,,,,,,,,,,,,,,,,,,,,2025-01-26T17:21:19.860000+00:00,false,0,laurentsnt,
1333124540603170878,,,,,,,,,,,,,,,,,,17fce6d938d625141e3adcd1e4c4565f,,,,,,0,,0,Laurent,204264549145116672,,0,laurentsnt,,1332695349705441301,,"Yes, the shadow lod is a special case when we construct the mmis, and if min lod is 0, we completely disable it",2025-01-26T17:20:58.736Z,2025-01-26T17:52:44.714000+00:00,,,,,,,,,,,,,,,,0,,,false,,,,,,,,,,,,,,,,,,,,,,,,,,,,,,,,,,,,,,false,99,,,,,,,,,,,,,,,,,,,,,,,,,,,,,,,,,,,,,,,,,,,,,,,,,,,,,,,,,,,,,,,,,,,,,,,,,,,,,,,,,,,,,,,,,,,,,,,,,,,,,,,,,,2025-01-26T17:20:58.736000+00:00,false,0,laurentsnt,
1333124124486402138,,,,,,,,,,,,,,,,,,25fd1285287561dee4d39d9ac6f16e8c,,,,,,0,,0,Xtarsia,188054719481118720,,0,xtarsia,,1332695349705441301,,"If min lod is 0, then there is no additonal shadow only mmis right?",2025-01-26T17:19:19.526Z,,,,,,,,,,,,,,,,,0,,,false,,,,,,,,,,,,,,,,,,,,,,,,,,,,,,,,,,,,,,false,98,,,,,,,,,,,,,,,,,,,,,,,,,,,,,,,,,,,,,,,,,,,,,,,,,,,,,,,,,,,,,,,,,,,,,,,,,,,,,,,,,,,,,,,,,,,,,,,,,,,,,,,,,,2025-01-26T17:19:19.526000+00:00,false,0,xtarsia,
1333124121797591202,,,,,,,,,,,,,,,,,,17fce6d938d625141e3adcd1e4c4565f,,,,,,0,,0,Laurent,204264549145116672,,0,laurentsnt,,1332695349705441301,,"crap, a minute, I might have missed a build",2025-01-26T17:19:18.885Z,,,,,,,,,,,,,,,,,0,,,false,,,,,,,,,,,,,,,,,,,,,,,,,,,,,,,,,,,,,,false,97,,,,,,,,,,,,,,,,,,,,,,,,,,,,,,,,,,,,,,,,,,,,,,,,,,,,,,,,,,,,,,,,,,,,,,,,,,,,,,,,,,,,,,,,,,,,,,,,,,,,,,,,,,2025-01-26T17:19:18.885000+00:00,false,0,laurentsnt,
1333123935688200384,,,,,,,,,,,,,,,,,,17fce6d938d625141e3adcd1e4c4565f,,,,,,0,,0,Laurent,204264549145116672,,0,laurentsnt,,1332695349705441301,,"That's what I implemented, I might brain fart, but in the screenshot above:

min lod 2 -> you see lod2 shadows (square) below every node
max lod 2 -> you don't see a shadow below the cylinders",2025-01-26T17:18:34.513Z,,,,,,,,,,,,,,,,,0,,,false,,,,,,,,,,,,,,,,,,,,,,,,,,,,,,,,,,,,,,false,96,,,,,,,,,,,,,,,,,,,,,,,,,,,,,,,,,,,,,,,,,,,,,,,,,,,,,,,,,,,,,,,,,,,,,,,,,,,,,,,,,,,,,,,,,,,,,,,,,,,,,,,,,,2025-01-26T17:18:34.513000+00:00,false,0,laurentsnt,
1333123646842994688,,,,,,,,,,,,,,,,,,25fd1285287561dee4d39d9ac6f16e8c,,,,,,0,,0,Xtarsia,188054719481118720,,0,xtarsia,,1332695349705441301,,it works as expected if minimum shadow low is at least 1.,2025-01-26T17:17:25.647Z,,,,,,,,,,,,,,,,,0,,,false,,,,,,,,,,,,,,,,,,,,,,,,,,,,,,,,,,,,,,false,95,,,,,,,,,,,,,,,,,,,,,,,,,,,,,,,,,,,,,,,,,,,,,,,,,,,,,,,,,,,,,,,,,,,,,,,,,,,,,,,,,,,,,,,,,,,,,,,,,,,,,,,,,,2025-01-26T17:17:25.647000+00:00,false,0,xtarsia,
1333123366571212810,,,,,,,,,,,,,,,,,,25fd1285287561dee4d39d9ac6f16e8c,,,,,,0,,0,Xtarsia,188054719481118720,,0,xtarsia,,1332695349705441301,,"Minimum Shadow LOD - LODs lower than this will have shadows disabled and the minimum Shadow LOD will be used for shadow casting at lower LODs.
Maximum Shadow LOD - LODs higher than this will have shadows disabled.

That is what the aim is now I think.",2025-01-26T17:16:18.825Z,,,,,,,,,,,,,,,,,0,,,false,,,,,,,,,,,,,,,,,,,,,,,,,,,,,,,,,,,,,,false,94,,,,,,,,,,,,,,,,,,,,,,,,,,,,,,,,,,,,,,,,,,,,,,,,,,,,,,,,,,,,,,,,,,,,,,,,,,,,,,,,,,,,,,,,,,,,,,,,,,,,,,,,,,2025-01-26T17:16:18.825000+00:00,false,0,xtarsia,
1333122343312298086,,,,,,,,,,,,,,,,,,17fce6d938d625141e3adcd1e4c4565f,,,,,,0,,0,Laurent,204264549145116672,,0,laurentsnt,,1332695349705441301,,Are you on commit f601ca37312eeab7fcf7a5dc6927a9a6c2e91396 ?,2025-01-26T17:12:14.861Z,,,,,,,,,,,,,,,,,0,,,false,,,25fd1285287561dee4d39d9ac6f16e8c,,,,,,0,,0,Xtarsia,188054719481118720,,0,xtarsia,,,,,,,,,,,,,,,,,1332695349705441301,691957978680786944,1333122032258257006,0,,false,93,,,0,false,1,0,1,,üëç,false,false,,,,25fd1285287561dee4d39d9ac6f16e8c,,,,,,0,,0,Xtarsia,188054719481118720,,0,xtarsia,1332695349705441301,,"shadows mostly works now. however setting minimum to 0 and max to 1, acts the same as min 0, max 3.",,,0,1333122032258257006,false,,,,,,,,,,,,,,,,,,,,,,,,,,,,,,,,,,,,,false,90,2025-01-26T17:11:00.700000+00:00,false,0,,,,,,,,,,,,,,,,,,,,,,,,,,,,,2025-01-26T17:12:14.861000+00:00,false,19,laurentsnt,
1333122213355716690,,,,,,,,,,,,,,,,,,25fd1285287561dee4d39d9ac6f16e8c,,,,,,0,,0,Xtarsia,188054719481118720,,0,xtarsia,,1332695349705441301,,"its a massive speed boost if limiting to the cube, vs spheres. 200+ FPS gain with shadows on using LOD2 min",2025-01-26T17:11:43.877Z,,,,,,,,,,,,,,,,,0,,,false,,,17fce6d938d625141e3adcd1e4c4565f,,,,,,0,,0,Laurent,204264549145116672,,0,laurentsnt,,,,,,,,,,,,,,,,,1332695349705441301,691957978680786944,1333121991150141483,0,,false,92,,,0,false,1,0,1,,üî•,false,false,,,,17fce6d938d625141e3adcd1e4c4565f,,,,,,0,,0,Laurent,204264549145116672,,0,laurentsnt,1332695349705441301,,"It looks like <@188054719481118720>'s approach with a single LOD works pretty well to get the feature in, I can't tell if having +1 LOD just for the shadow is a big performance issue, but implementation wise it works out of the box with the current APIs",,,0,1333121991150141483,false,,,,25fd1285287561dee4d39d9ac6f16e8c,,,,,,0,,0,Xtarsia,188054719481118720,,0,xtarsia,,7e8c75861a717a11a9fc6ce29d57f23f,,,,,,0,,0,Tokisan Games,455610038350774273,,0,tokisangames,1332695349705441301,691957978680786944,1333110312567836713,0,false,89,2025-01-26T17:10:50.899000+00:00,false,19,,,,,,,,,,,,,,,,,,,,,,,,,,,,,2025-01-26T17:11:43.877000+00:00,false,19,xtarsia,
1333122090399825951,,,,,2,image/png,CleanShot_2025-01-26_at_17.53.332x.png,2112,1333122089904767137,1PeJC4AdCJiKhnJKhrB/ajc3eHeAiAc=,1,https://media.discordapp.net/attachments/1332695349705441301/1333122089904767137/CleanShot_2025-01-26_at_17.53.332x.png?ex=69652b32&is=6963d9b2&hm=6c6a91afde5918492521b8ef131c652d133e8fe5cc12054a3340d886d42731b1&,5268021,CleanShot 2025-01-26 at 17.53.33@2x,https://cdn.discordapp.com/attachments/1332695349705441301/1333122089904767137/CleanShot_2025-01-26_at_17.53.332x.png?ex=69652b32&is=6963d9b2&hm=6c6a91afde5918492521b8ef131c652d133e8fe5cc12054a3340d886d42731b1&,3248,,17fce6d938d625141e3adcd1e4c4565f,,,,,,0,,0,Laurent,204264549145116672,,0,laurentsnt,,1332695349705441301,,"Updated PR with shadow max and min, note the square box shadow",2025-01-26T17:11:14.562Z,,,,,,,,,,,,,,,,,0,,,false,,,,,,,,,,,,,,,,,,,,,,,,,,,,,,,,,,,,,,false,91,,,,,,,,,,,,,,,,,,,,,,,,,,,,,,,,,,,,,,,,,,,,,,,,,,,,,,,,,,,,,,,,,,,,,,,,,,,,,,,,,,,,,,,,,,,,,,,,,,,,,,,,,,2025-01-26T17:11:14.562000+00:00,false,0,laurentsnt,
1333122032258257006,,,,,,,,,,,,,,,,,,25fd1285287561dee4d39d9ac6f16e8c,,,,,,0,,0,Xtarsia,188054719481118720,,0,xtarsia,,1332695349705441301,,"shadows mostly works now. however setting minimum to 0 and max to 1, acts the same as min 0, max 3.",2025-01-26T17:11:00.700Z,,,,,,,,,,,,,,,,,0,,,false,,,,,,,,,,,,,,,,,,,,,,,,,,,,,,,,,,,,,,false,90,,,,,,,,,,,,,,,,,,,,,,,,,,,,,,,,,,,,,,,,,,,,,,,,,,,,,,,,,,,,,,,,,,,,,,,,,,,,,,,,,,,,,,,,,,,,,,,,,,,,,,,,,,2025-01-26T17:11:00.700000+00:00,false,0,xtarsia,
1333121991150141483,,,,,,,,,,,,,,,,,,17fce6d938d625141e3adcd1e4c4565f,,,,,,0,,0,Laurent,204264549145116672,,0,laurentsnt,,1332695349705441301,,"It looks like <@188054719481118720>'s approach with a single LOD works pretty well to get the feature in, I can't tell if having +1 LOD just for the shadow is a big performance issue, but implementation wise it works out of the box with the current APIs",2025-01-26T17:10:50.899Z,,,,,,,,,,,,,,,,,0,,,false,,,25fd1285287561dee4d39d9ac6f16e8c,,,,,,0,,0,Xtarsia,188054719481118720,,0,xtarsia,,7e8c75861a717a11a9fc6ce29d57f23f,,,,,,0,,0,Tokisan Games,455610038350774273,,0,tokisangames,,1332695349705441301,691957978680786944,1333110312567836713,0,,false,89,,,,,,,,,,,,,,,7e8c75861a717a11a9fc6ce29d57f23f,,,,,,0,,0,Tokisan Games,455610038350774273,,0,tokisangames,1332695349705441301,,"Yes, looking through the renderingserver code, visibility_range_end has the object culled in the rendering server, and no signal is sent sadly. Perhaps what we can do is just iterate through all MMI grid locations and adjust the shadow mesh for all MMIs in the affected region on every terrain snap. Basically we have our own LOD manager for shadow casting.",2025-01-26T16:26:19.634000+00:00,,0,1333110312567836713,false,,,,,,,,,,,,,,,,,,,,,,,,,,,,,,,,,,,,,false,87,2025-01-26T16:24:26.508000+00:00,false,0,,,,,,,,,,,,,,,,,,,,,,,,,,,,,2025-01-26T17:10:50.899000+00:00,false,19,laurentsnt,
1333121106835673138,,,,,,,,,,,,,,,,,,17fce6d938d625141e3adcd1e4c4565f,,,,,,0,,0,Laurent,204264549145116672,,0,laurentsnt,,1332695349705441301,,"Thanks for the kind words, and for taking the time to answer my questions üôè 

I'm trying to get this in before the end of the week-end, I'll have to get back to my project eventually, and if I can get this feature in, avoid dealing with context switch, merge conflicts, etc. that would save so many brain cycles! Super happy to contribute back as well üôÇ",2025-01-26T17:07:20.062Z,,,,,,,,,,,,,,,,,0,,,false,,,7e8c75861a717a11a9fc6ce29d57f23f,,,,,,0,,0,Tokisan Games,455610038350774273,,0,tokisangames,,,,,,,,,,,,,,,,,1332695349705441301,691957978680786944,1333023959108554773,0,,false,88,,,,,,,,,,,,,,,7e8c75861a717a11a9fc6ce29d57f23f,,,,,,0,,0,Tokisan Games,455610038350774273,,0,tokisangames,1332695349705441301,,"BTW Laurent, I'm super impressed with your speed and initiative. Great work. Also no pressure from our end, work at whatever pace is comfortable.",,,0,1333023959108554773,false,,,,,,,,,,,,,,,,,,,,,,,,,,,,,,,,,,,,,false,86,2025-01-26T10:41:18.239000+00:00,false,0,,,,,,,,,,,,,,,,,,,,,,,,,,,,,2025-01-26T17:07:20.062000+00:00,false,19,laurentsnt,
1333110312567836713,,,,,,,,,,,,,,,,,,7e8c75861a717a11a9fc6ce29d57f23f,,,,,,0,,0,Tokisan Games,455610038350774273,,0,tokisangames,,1332695349705441301,,"Yes, looking through the renderingserver code, visibility_range_end has the object culled in the rendering server, and no signal is sent sadly. Perhaps what we can do is just iterate through all MMI grid locations and adjust the shadow mesh for all MMIs in the affected region on every terrain snap. Basically we have our own LOD manager for shadow casting.",2025-01-26T16:24:26.508Z,2025-01-26T16:26:19.634000+00:00,,,,,,,,,,,,,,,,0,,,false,,,,,,,,,,,,,,,,,,,,,,,,,,,,,,,,,,,,,,false,87,,,,,,,,,,,,,,,,,,,,,,,,,,,,,,,,,,,,,,,,,,,,,,,,,,,,,,,,,,,,,,,,,,,,,,,,,,,,,,,,,,,,,,,,,,,,,,,,,,,,,,,,,,2025-01-26T16:24:26.508000+00:00,false,0,tokisangames,
1333023959108554773,,,,,,,,,,,,,,,,,,7e8c75861a717a11a9fc6ce29d57f23f,,,,,,0,,0,Tokisan Games,455610038350774273,,0,tokisangames,,1332695349705441301,,"BTW Laurent, I'm super impressed with your speed and initiative. Great work. Also no pressure from our end, work at whatever pace is comfortable.",2025-01-26T10:41:18.239Z,,,,,,,,,,,,,,,,,0,,,false,,,,,,,,,,,,,,,,,,,,,,,,,,,,,,,,,,,,,,false,86,,,,,,,,,,,,,,,,,,,,,,,,,,,,,,,,,,,,,,,,,,,,,,,,,,,,,,,,,,,,,,,,,,,,,,,,,,,,,,,,,,,,,,,,,,,,,,,,,,,,,,,,,,2025-01-26T10:41:18.239000+00:00,false,0,tokisangames,
1333023913868918834,,,,,,,,,,,,,,,,,,7e8c75861a717a11a9fc6ce29d57f23f,,,,,,0,,0,Tokisan Games,455610038350774273,,0,tokisangames,,1332695349705441301,,"Haven't read everything yet, and won't until later. Ideally shadow lods also change. Eg. Maybe shadow lod is 1. If visible lod is 2, shadow lod should also be 2. If visible lod is 0, shadow lod is 1.
Could come in a later PR if need be. I also want to debug the engine signals.",2025-01-26T10:41:07.453Z,2025-01-26T10:42:33.701000+00:00,,,,,,,,,,,,,,,,0,,,false,,,,,,,,,,,,,,,,,,,,,,,,,,,,,,,,,,,,,,false,85,,,,,,,,,,,,,,,,,,,,,,,,,,,,,,,,,,,,,,,,,,,,,,,,,,,,,,,,,,,,,,,,,,,,,,,,,,,,,,,,,,,,,,,,,,,,,,,,,,,,,,,,,,2025-01-26T10:41:07.453000+00:00,false,0,tokisangames,
1333017920468549643,,,,,,,,,,,,,,,,,,25fd1285287561dee4d39d9ac6f16e8c,,,,,,0,,0,Xtarsia,188054719481118720,,0,xtarsia,,1332695349705441301,,the min shadow lod gets a duplicate (to cover lower LODs) and LODs higher than Max have shadows disabled.,2025-01-26T10:17:18.515Z,,,,,,,,,,,,,,,,,0,,,false,,,,,,,,,,,,,,,,,,,,,,,,,,,,,,,,,,,,,,false,84,,,,,,,,,,,,,,,,,,,,,,,,,,,,,,,,,,,,,,,,,,,,,,,,,,,,,,,,,,,,,,,,,,,,,,,,,,,,,,,,,,,,,,,,,,,,,,,,,,,,,,,,,,2025-01-26T10:17:18.515000+00:00,false,0,xtarsia,
1333017700561059861,,,,,,,,,,,,,,,,,,25fd1285287561dee4d39d9ac6f16e8c,,,,,,0,,0,Xtarsia,188054719481118720,,0,xtarsia,,1332695349705441301,,"Min shadow_lod, Max shadow lod",2025-01-26T10:16:26.085Z,,,,,,,,,,,,,,,,,0,,,false,,,,,,,,,,,,,,,,,,,,,,,,,,,,,,,,,,,,,,false,83,,,0,false,1,0,1,,üëç,false,false,,,,,,,,,,,,,,,,,,,,,,,,,,,,,,,,,,,,,,,,,,,,,,,,,,,,,,,,,,,,,,,,,,,,,,,,,,,,,,,,,,,,,,,,,,,,,,,2025-01-26T10:16:26.085000+00:00,false,0,xtarsia,
1333017638502142044,,,,,,,,,,,,,,,,,,25fd1285287561dee4d39d9ac6f16e8c,,,,,,0,,0,Xtarsia,188054719481118720,,0,xtarsia,,1332695349705441301,,"rather than a distance, have a max LOD",2025-01-26T10:16:11.289Z,,,,,,,,,,,,,,,,,0,,,false,,,,,,,,,,,,,,,,,,,,,,,,,,,,,,,,,,,,,,false,82,,,,,,,,,,,,,,,,,,,,,,,,,,,,,,,,,,,,,,,,,,,,,,,,,,,,,,,,,,,,,,,,,,,,,,,,,,,,,,,,,,,,,,,,,,,,,,,,,,,,,,,,,,2025-01-26T10:16:11.289000+00:00,false,0,xtarsia,
1333017598295670845,,,,,,,,,,,,,,,,,,17fce6d938d625141e3adcd1e4c4565f,,,,,,0,,0,Laurent,204264549145116672,,0,laurentsnt,,1332695349705441301,,"But yea, I think we both agree this is too much for that first version üôÇ",2025-01-26T10:16:01.703Z,,,,,,,,,,,,,,,,,0,,,false,,,,,,,,,,,,,,,,,,,,,,,,,,,,,,,,,,,,,,false,81,,,,,,,,,,,,,,,,,,,,,,,,,,,,,,,,,,,,,,,,,,,,,,,,,,,,,,,,,,,,,,,,,,,,,,,,,,,,,,,,,,,,,,,,,,,,,,,,,,,,,,,,,,2025-01-26T10:16:01.703000+00:00,false,0,laurentsnt,
1333017585234477076,,,,,,,,,,,,,,,,,,25fd1285287561dee4d39d9ac6f16e8c,,,,,,0,,0,Xtarsia,188054719481118720,,0,xtarsia,,1332695349705441301,,Ah yes,2025-01-26T10:15:58.589Z,,,,,,,,,,,,,,,,,0,,,false,,,,,,,,,,,,,,,,,,,,,,,,,,,,,,,,,,,,,,false,80,,,,,,,,,,,,,,,,,,,,,,,,,,,,,,,,,,,,,,,,,,,,,,,,,,,,,,,,,,,,,,,,,,,,,,,,,,,,,,,,,,,,,,,,,,,,,,,,,,,,,,,,,,2025-01-26T10:15:58.589000+00:00,false,0,xtarsia,
1333017465378181183,,,,,1,image/jpeg,capture.jpg,2577,1333017464967266346,MvgBBoCviaZ+eHh5h3WIpXh934UJOgc=,1,https://media.discordapp.net/attachments/1332695349705441301/1333017464967266346/capture.jpg?ex=69657281&is=69642101&hm=53900df7fafd1fc434b59cee7cc16a4bb39e4eafd520ccc0a404623f28ef4baa&,2461075,,https://cdn.discordapp.com/attachments/1332695349705441301/1333017464967266346/capture.jpg?ex=69657281&is=69642101&hm=53900df7fafd1fc434b59cee7cc16a4bb39e4eafd520ccc0a404623f28ef4baa&,3021,,17fce6d938d625141e3adcd1e4c4565f,,,,,,0,,0,Laurent,204264549145116672,,0,laurentsnt,,1332695349705441301,,That's the case I have in mind,2025-01-26T10:15:30.013Z,,,,,,,,,,,,,,,,,0,,,false,,,,,,,,,,,,,,,,,,,,,,,,,,,,,,,,,,,,,,false,79,,,,,,,,,,,,,,,,,,,,,,,,,,,,,,,,,,,,,,,,,,,,,,,,,,,,,,,,,,,,,,,,,,,,,,,,,,,,,,,,,,,,,,,,,,,,,,,,,,,,,,,,,,2025-01-26T10:15:30.013000+00:00,false,0,laurentsnt,
1333017264269819974,,,,,,,,,,,,,,,,,,25fd1285287561dee4d39d9ac6f16e8c,,,,,,0,,0,Xtarsia,188054719481118720,,0,xtarsia,,1332695349705441301,,maybe i am overcomplicating things üòÑ,2025-01-26T10:14:42.065Z,,,,,,,,,,,,,,,,,0,,,false,,,,,,,,,,,,,,,,,,,,,,,,,,,,,,,,,,,,,,false,78,,,,,,,,,,,,,,,,,,,,,,,,,,,,,,,,,,,,,,,,,,,,,,,,,,,,,,,,,,,,,,,,,,,,,,,,,,,,,,,,,,,,,,,,,,,,,,,,,,,,,,,,,,2025-01-26T10:14:42.065000+00:00,false,0,xtarsia,
1333016925055356959,,,,,,,,,,,,,,,,,,25fd1285287561dee4d39d9ac6f16e8c,,,,,,0,,0,Xtarsia,188054719481118720,,0,xtarsia,,1332695349705441301,,in that case you dont need a duplicate for the LOD4,2025-01-26T10:13:21.190Z,,,,,,,,,,,,,,,,,0,,,false,,,17fce6d938d625141e3adcd1e4c4565f,,,,,,0,,0,Laurent,204264549145116672,,0,laurentsnt,,,,,,,,,,,,,,,,,1332695349705441301,691957978680786944,1333015625626288158,0,,false,77,,,,,,,,,,,,,,,17fce6d938d625141e3adcd1e4c4565f,,,,,,0,,0,Laurent,204264549145116672,,0,laurentsnt,1332695349705441301,,"Hehe, I don't get it, which line is wich case?

I'm interested into this setting because that's what I thought the shadow lod was first, ""disable objects further than this distance"".

But you still want to use the highest LOD whenever possible:
The min shadow is LOD2, but the object is currently on LOD4, you want to see LOD4 shadow, up to max distance.

I'd use this for stuff like grass, I have a 3 LODs, I want shadows for blades closer than 5 meters.
The shadow lod param won't help me in that case",,,0,1333015625626288158,false,,,,,,,,,,,,,,,,,,,,,,,,,,,,,,,,,,,,,false,73,2025-01-26T10:08:11.382000+00:00,false,0,,,,,,,,,,,,,,,,,,,,,,,,,,,,,2025-01-26T10:13:21.190000+00:00,false,19,xtarsia,
1333016267174580255,,,,,,,,,,,,,,,,,,25fd1285287561dee4d39d9ac6f16e8c,,,,,,0,,0,Xtarsia,188054719481118720,,0,xtarsia,,1332695349705441301,,as every shadow casting light source will cause every mesh to be rendered again for each shadow pass,2025-01-26T10:10:44.339Z,,,,,,,,,,,,,,,,,0,,,false,,,,,,,,,,,,,,,,,,,,,,,,,,,,,,,,,,,,,,false,76,,,,,,,,,,,,,,,,,,,,,,,,,,,,,,,,,,,,,,,,,,,,,,,,,,,,,,,,,,,,,,,,,,,,,,,,,,,,,,,,,,,,,,,,,,,,,,,,,,,,,,,,,,2025-01-26T10:10:44.339000+00:00,false,0,xtarsia,
1333016056234774528,,,,,,,,,,,,,,,,,,25fd1285287561dee4d39d9ac6f16e8c,,,,,,0,,0,Xtarsia,188054719481118720,,0,xtarsia,,1332695349705441301,,using higher LOD2 for shadows of LOD0 can be a significant performance gain,2025-01-26T10:09:54.047Z,,,,,,,,,,,,,,,,,0,,,false,,,,,,,,,,,,,,,,,,,,,,,,,,,,,,,,,,,,,,false,75,,,,,,,,,,,,,,,,,,,,,,,,,,,,,,,,,,,,,,,,,,,,,,,,,,,,,,,,,,,,,,,,,,,,,,,,,,,,,,,,,,,,,,,,,,,,,,,,,,,,,,,,,,2025-01-26T10:09:54.047000+00:00,false,0,xtarsia,
1333015841775681546,,,,,,,,,,,,,,,,,,25fd1285287561dee4d39d9ac6f16e8c,,,,,,0,,0,Xtarsia,188054719481118720,,0,xtarsia,,1332695349705441301,,"black line is shadow LODs, red meshes",2025-01-26T10:09:02.916Z,,,,,,,,,,,,,,,,,0,,,false,,,,,,,,,,,,,,,,,,,,,,,,,,,,,,,,,,,,,,false,74,,,,,,,,,,,,,,,,,,,,,,,,,,,,,,,,,,,,,,,,,,,,,,,,,,,,,,,,,,,,,,,,,,,,,,,,,,,,,,,,,,,,,,,,,,,,,,,,,,,,,,,,,,2025-01-26T10:09:02.916000+00:00,false,0,xtarsia,
1333015625626288158,,,,,,,,,,,,,,,,,,17fce6d938d625141e3adcd1e4c4565f,,,,,,0,,0,Laurent,204264549145116672,,0,laurentsnt,,1332695349705441301,,"Hehe, I don't get it, which line is wich case?

I'm interested into this setting because that's what I thought the shadow lod was first, ""disable objects further than this distance"".

But you still want to use the highest LOD whenever possible:
The min shadow is LOD2, but the object is currently on LOD4, you want to see LOD4 shadow, up to max distance.

I'd use this for stuff like grass, I have a 3 LODs, I want shadows for blades closer than 5 meters.
The shadow lod param won't help me in that case",2025-01-26T10:08:11.382Z,,,,,,,,,,,,,,,,,0,,,false,,,,,,,,,,,,,,,,,,,,,,,,,,,,,,,,,,,,,,false,73,,,,,,,,,,,,,,,,,,,,,,,,,,,,,,,,,,,,,,,,,,,,,,,,,,,,,,,,,,,,,,,,,,,,,,,,,,,,,,,,,,,,,,,,,,,,,,,,,,,,,,,,,,2025-01-26T10:08:11.382000+00:00,false,0,laurentsnt,
1333015519141298257,,,,,1,image/png,image.png,100,1333015518831185964,PBgCCYT4lU5zahiqR3979Lc=,1,https://media.discordapp.net/attachments/1332695349705441301/1333015518831185964/image.png?ex=696570b1&is=69641f31&hm=80b1b3bf378d5f0d5e14659fdddfbf25bd28d9b13822dc05e15daca2ef745fc1&,2865,,https://cdn.discordapp.com/attachments/1332695349705441301/1333015518831185964/image.png?ex=696570b1&is=69641f31&hm=80b1b3bf378d5f0d5e14659fdddfbf25bd28d9b13822dc05e15daca2ef745fc1&,1082,,25fd1285287561dee4d39d9ac6f16e8c,,,,,,0,,0,Xtarsia,188054719481118720,,0,xtarsia,,1332695349705441301,,the final (complex option),2025-01-26T10:07:45.994Z,,,,,,,,,,,,,,,,,0,,,false,,,,,,,,,,,,,,,,,,,,,,,,,,,,,,,,,,,,,,false,72,,,,,,,,,,,,,,,,,,,,,,,,,,,,,,,,,,,,,,,,,,,,,,,,,,,,,,,,,,,,,,,,,,,,,,,,,,,,,,,,,,,,,,,,,,,,,,,,,,,,,,,,,,2025-01-26T10:07:45.994000+00:00,false,0,xtarsia,
1333015266895986730,,,,,,,,,,,,,,,,,,25fd1285287561dee4d39d9ac6f16e8c,,,,,,0,,0,Xtarsia,188054719481118720,,0,xtarsia,,1332695349705441301,,top tier paint skills,2025-01-26T10:06:45.854Z,,,,,,,,,,,,,,,,,0,,,false,,,,,,,,,,,,,,,,,,,,,,,,,,,,,,,,,,,,,,false,71,,,,,,,,,,,,,,,,,,,,,,,,,,,,,,,,,,,,,,,,,,,,,,,,,,,,,,,,,,,,,,,,,,,,,,,,,,,,,,,,,,,,,,,,,,,,,,,,,,,,,,,,,,2025-01-26T10:06:45.854000+00:00,false,0,xtarsia,
1333015242275426339,,,,,2,image/png,image.png,512,1333015242141077585,PQgCA4D4SrV2V+h1SK+B9Bo=,1,https://media.discordapp.net/attachments/1332695349705441301/1333015242141077585/image.png?ex=6965706f&is=69641eef&hm=d7774d54976f2cb88630d9fe678e1c2019622b331f27bd1fe8fe8a1f522a0d39&,8908,,https://cdn.discordapp.com/attachments/1332695349705441301/1333015242141077585/image.png?ex=6965706f&is=69641eef&hm=d7774d54976f2cb88630d9fe678e1c2019622b331f27bd1fe8fe8a1f522a0d39&,1034,,25fd1285287561dee4d39d9ac6f16e8c,,,,,,0,,0,Xtarsia,188054719481118720,,0,xtarsia,,1332695349705441301,,"Each casts its own shadow, Shadow LOD covers all, Shadow LOD with lower visibility range than the LOD used for the shadows:",2025-01-26T10:06:39.984Z,,,,,,,,,,,,,,,,,0,,,false,,,,,,,,,,,,,,,,,,,,,,,,,,,,,,,,,,,,,,false,70,,,,,,,,,,,,,,,,,,,,,,,,,,,,,,,,,,,,,,,,,,,,,,,,,,,,,,,,,,,,,,,,,,,,,,,,,,,,,,,,,,,,,,,,,,,,,,,,,,,,,,,,,,2025-01-26T10:06:39.984000+00:00,false,0,xtarsia,
1333014241522749491,,,,,,,,,,,,,,,,,,25fd1285287561dee4d39d9ac6f16e8c,,,,,,0,,0,Xtarsia,188054719481118720,,0,xtarsia,,1332695349705441301,,theres quite a number of combinations..,2025-01-26T10:02:41.386Z,,,,,,,,,,,,,,,,,0,,,false,,,,,,,,,,,,,,,,,,,,,,,,,,,,,,,,,,,,,,false,69,,,,,,,,,,,,,,,,,,,,,,,,,,,,,,,,,,,,,,,,,,,,,,,,,,,,,,,,,,,,,,,,,,,,,,,,,,,,,,,,,,,,,,,,,,,,,,,,,,,,,,,,,,2025-01-26T10:02:41.386000+00:00,false,0,xtarsia,
1333013709487996998,,,,,,,,,,,,,,,,,,25fd1285287561dee4d39d9ac6f16e8c,,,,,,0,,0,Xtarsia,188054719481118720,,0,xtarsia,,1332695349705441301,,it can be expanded upon later,2025-01-26T10:00:34.539Z,,,,,,,,,,,,,,,,,0,,,false,,,,,,,,,,,,,,,,,,,,,,,,,,,,,,,,,,,,,,false,68,,,,,,,,,,,,,,,,,,,,,,,,,,,,,,,,,,,,,,,,,,,,,,,,,,,,,,,,,,,,,,,,,,,,,,,,,,,,,,,,,,,,,,,,,,,,,,,,,,,,,,,,,,2025-01-26T10:00:34.539000+00:00,false,0,xtarsia,
1333013674830331936,,,,,,,,,,,,,,,,,,25fd1285287561dee4d39d9ac6f16e8c,,,,,,0,,0,Xtarsia,188054719481118720,,0,xtarsia,,1332695349705441301,,keep it simple for now,2025-01-26T10:00:26.276Z,,,,,,,,,,,,,,,,,0,,,false,,,,,,,,,,,,,,,,,,,,,,,,,,,,,,,,,,,,,,false,67,,,,,,,,,,,,,,,,,,,,,,,,,,,,,,,,,,,,,,,,,,,,,,,,,,,,,,,,,,,,,,,,,,,,,,,,,,,,,,,,,,,,,,,,,,,,,,,,,,,,,,,,,,2025-01-26T10:00:26.276000+00:00,false,0,xtarsia,
1333013153113702462,,,,,,,,,,,,,,,,,,25fd1285287561dee4d39d9ac6f16e8c,,,,,,0,,0,Xtarsia,188054719481118720,,0,xtarsia,,1332695349705441301,,"I belive the intent is to use a higher LOD for all shadows, and not swap them",2025-01-26T09:58:21.889Z,,,,,,,,,,,,,,,,,0,,,false,,,,,,,,,,,,,,,,,,,,,,,,,,,,,,,,,,,,,,false,66,,,,,,,,,,,,,,,,,,,,,,,,,,,,,,,,,,,,,,,,,,,,,,,,,,,,,,,,,,,,,,,,,,,,,,,,,,,,,,,,,,,,,,,,,,,,,,,,,,,,,,,,,,2025-01-26T09:58:21.889000+00:00,false,0,xtarsia,
1333012797365289032,,,,,,,,,,,,,,,,,,17fce6d938d625141e3adcd1e4c4565f,,,,,,0,,0,Laurent,204264549145116672,,0,laurentsnt,,1332695349705441301,,"Say we add max shadow, set it to 100m
shadow is LOD2
LOD3 max distance is 120m

is that a case where we implicitly wants another LOD3 dup?
LOD3 is no shadow, max distance is 120
LOD3-dup is shadow only, max distance is max shadow distance

Which means we need to create 2 x the number of mesh lod, not just +1",2025-01-26T09:56:57.072Z,,,,,,,,,,,,,,,,,0,,,false,,,25fd1285287561dee4d39d9ac6f16e8c,,,,,,0,,0,Xtarsia,188054719481118720,,0,xtarsia,,,,,,,,,,,,,,,,,1332695349705441301,691957978680786944,1333004810563227713,0,,false,65,,,,,,,,,,,,,,,25fd1285287561dee4d39d9ac6f16e8c,,,,,,0,,0,Xtarsia,188054719481118720,,0,xtarsia,1332695349705441301,,"this can be extended further, the shadow can have its own max shadow range too",,,0,1333004810563227713,false,,,,17fce6d938d625141e3adcd1e4c4565f,,,,,,0,,0,Laurent,204264549145116672,,0,laurentsnt,,,,,,,,,,,,,,,,1332695349705441301,691957978680786944,1333003494998806559,0,false,62,2025-01-26T09:25:12.870000+00:00,false,19,,,,,,,,,,,,,,,,,,,,,,,,,,,,,2025-01-26T09:56:57.072000+00:00,false,19,laurentsnt,
1333005530376966155,,,,,,,,,,,,,,,,,,25fd1285287561dee4d39d9ac6f16e8c,,,,,,0,,0,Xtarsia,188054719481118720,,0,xtarsia,,1332695349705441301,,Just testing / bug hunting atm üôÇ,2025-01-26T09:28:04.487Z,,,,,,,,,,,,,,,,,0,,,false,,,,,,,,,,,,,,,,,,,,,,,,,,,,,,,,,,,,,,false,64,,,0,false,1,0,1,,üôè,false,false,,,,,,,,,,,,,,,,,,,,,,,,,,,,,,,,,,,,,,,,,,,,,,,,,,,,,,,,,,,,,,,,,,,,,,,,,,,,,,,,,,,,,,,,,,,,,,,2025-01-26T09:28:04.487000+00:00,false,0,xtarsia,
1333005278513467504,,,,,,,,,,,,,,,,,,17fce6d938d625141e3adcd1e4c4565f,,,,,,0,,0,Laurent,204264549145116672,,0,laurentsnt,,1332695349705441301,,"Completely missed that, thanks for the idea",2025-01-26T09:27:04.438Z,,,,,,,,,,,,,,,,,0,,,false,,,,,,,,,,,,,,,,,,,,,,,,,,,,,,,,,,,,,,false,63,,,,,,,,,,,,,,,,,,,,,,,,,,,,,,,,,,,,,,,,,,,,,,,,,,,,,,,,,,,,,,,,,,,,,,,,,,,,,,,,,,,,,,,,,,,,,,,,,,,,,,,,,,2025-01-26T09:27:04.438000+00:00,false,0,laurentsnt,
1333004810563227713,,,,,,,,,,,,,,,,,,25fd1285287561dee4d39d9ac6f16e8c,,,,,,0,,0,Xtarsia,188054719481118720,,0,xtarsia,,1332695349705441301,,"this can be extended further, the shadow can have its own max shadow range too",2025-01-26T09:25:12.870Z,,,,,,,,,,,,,,,,,0,,,false,,,17fce6d938d625141e3adcd1e4c4565f,,,,,,0,,0,Laurent,204264549145116672,,0,laurentsnt,,,,,,,,,,,,,,,,,1332695349705441301,691957978680786944,1333003494998806559,0,,false,62,,,0,false,1,0,1,,üëç,false,false,,,,17fce6d938d625141e3adcd1e4c4565f,,,,,,0,,0,Laurent,204264549145116672,,0,laurentsnt,1332695349705441301,,"Say LOD2 is the shadow lod,
LOD0,1,2 are no shadow
LOD2-dup is shadow only and visibility range begin is 0
LOD3 is regular shadow",2025-01-26T09:21:21.594000+00:00,,0,1333003494998806559,false,,,,,,,,,,,,,,,,,,,,,,,,,,,,,,,,,,,,,false,57,2025-01-26T09:19:59.215000+00:00,false,0,,,,,,,,,,,,,,,,,,,,,,,,,,,,,2025-01-26T09:25:12.870000+00:00,false,19,xtarsia,
1333004233456353301,,,,,,,,,,,,,,,,,,25fd1285287561dee4d39d9ac6f16e8c,,,,,,0,,0,Xtarsia,188054719481118720,,0,xtarsia,,1332695349705441301,,"The alternative to the extra shadows only mmi, would be VisibleOnScreenNotifier3D use, but that itself wouldnt be enough as its only a frustum cull, and not distance",2025-01-26T09:22:55.277Z,,,,,,,,,,,,,,,,,0,,,false,,,,,,,,,,,,,,,,,,,,,,,,,,,,,,,,,,,,,,false,61,,,,,,,,,,,,,,,,,,,,,,,,,,,,,,,,,,,,,,,,,,,,,,,,,,,,,,,,,,,,,,,,,,,,,,,,,,,,,,,,,,,,,,,,,,,,,,,,,,,,,,,,,,2025-01-26T09:22:55.277000+00:00,false,0,xtarsia,
1333003772456206416,,,,,,,,,,,,,,,,,,25fd1285287561dee4d39d9ac6f16e8c,,,,,,0,,0,Xtarsia,188054719481118720,,0,xtarsia,,1332695349705441301,,this is only really important when multiple LOD are visible at the same time (for the same cell),2025-01-26T09:21:05.366Z,2025-01-26T09:21:50.876000+00:00,,,,,,,,,,,,,,,,0,,,false,,,,,,,,,,,,,,,,,,,,,,,,,,,,,,,,,,,,,,false,60,,,,,,,,,,,,,,,,,,,,,,,,,,,,,,,,,,,,,,,,,,,,,,,,,,,,,,,,,,,,,,,,,,,,,,,,,,,,,,,,,,,,,,,,,,,,,,,,,,,,,,,,,,2025-01-26T09:21:05.366000+00:00,false,0,xtarsia,
1333003692663902281,,,,,,,,,,,,,,,,,,25fd1285287561dee4d39d9ac6f16e8c,,,,,,0,,0,Xtarsia,188054719481118720,,0,xtarsia,,1332695349705441301,,so each LOD shares the same buffer in vram,2025-01-26T09:20:46.342Z,,,,,,,,,,,,,,,,,0,,,false,,,,,,,,,,,,,,,,,,,,,,,,,,,,,,,,,,,,,,false,59,,,,,,,,,,,,,,,,,,,,,,,,,,,,,,,,,,,,,,,,,,,,,,,,,,,,,,,,,,,,,,,,,,,,,,,,,,,,,,,,,,,,,,,,,,,,,,,,,,,,,,,,,,2025-01-26T09:20:46.342000+00:00,false,0,xtarsia,
1333003575449878579,,,,,,,,,,,,,,,,,,25fd1285287561dee4d39d9ac6f16e8c,,,,,,0,,0,Xtarsia,188054719481118720,,0,xtarsia,,1332695349705441301,,"~~also, when creating LODs that are not the base, its possible get the RID of the base multimesh buffer, and pass that directly to the others~~",2025-01-26T09:20:18.396Z,2025-01-26T09:49:18.750000+00:00,,,,,,,,,,,,,,,,0,,,false,,,,,,,,,,,,,,,,,,,,,,,,,,,,,,,,,,,,,,false,58,,,0,false,1,0,1,,üëÄ,false,false,,,,,,,,,,,,,,,,,,,,,,,,,,,,,,,,,,,,,,,,,,,,,,,,,,,,,,,,,,,,,,,,,,,,,,,,,,,,,,,,,,,,,,,,,,,,,,,2025-01-26T09:20:18.396000+00:00,false,0,xtarsia,
1333003494998806559,,,,,,,,,,,,,,,,,,17fce6d938d625141e3adcd1e4c4565f,,,,,,0,,0,Laurent,204264549145116672,,0,laurentsnt,,1332695349705441301,,"Say LOD2 is the shadow lod,
LOD0,1,2 are no shadow
LOD2-dup is shadow only and visibility range begin is 0
LOD3 is regular shadow",2025-01-26T09:19:59.215Z,2025-01-26T09:21:21.594000+00:00,,,,,,,,,,,,,,,,0,,,false,,,,,,,,,,,,,,,,,,,,,,,,,,,,,,,,,,,,,,false,57,,,0,false,1,0,1,,üëç,false,false,,,,,,,,,,,,,,,,,,,,,,,,,,,,,,,,,,,,,,,,,,,,,,,,,,,,,,,,,,,,,,,,,,,,,,,,,,,,,,,,,,,,,,,,,,,,,,,2025-01-26T09:19:59.215000+00:00,false,0,laurentsnt,
1333003236444999720,,,,,,,,,,,,,,,,,,17fce6d938d625141e3adcd1e4c4565f,,,,,,0,,0,Laurent,204264549145116672,,0,laurentsnt,,1332695349705441301,,"Gosh, we can get this with a single additional node, can't we? ü§¶‚Äç‚ôÇÔ∏è",2025-01-26T09:18:57.571Z,,,,,,,,,,,,,,,,,0,,,false,,,,,,,,,,,,,,,,,,,,,,,,,,,,,,,,,,,,,,false,56,,,,,,,,,,,,,,,,,,,,,,,,,,,,,,,,,,,,,,,,,,,,,,,,,,,,,,,,,,,,,,,,,,,,,,,,,,,,,,,,,,,,,,,,,,,,,,,,,,,,,,,,,,2025-01-26T09:18:57.571000+00:00,false,0,laurentsnt,
1333003073764724849,,,,,,,,,,,,,,,,,,25fd1285287561dee4d39d9ac6f16e8c,,,,,,0,,0,Xtarsia,188054719481118720,,0,xtarsia,,1332695349705441301,,"its more nodes, but the rendering load wont be higher",2025-01-26T09:18:18.785Z,,,,,,,,,,,,,,,,,0,,,false,,,,,,,,,,,,,,,,,,,,,,,,,,,,,,,,,,,,,,false,55,,,,,,,,,,,,,,,,,,,,,,,,,,,,,,,,,,,,,,,,,,,,,,,,,,,,,,,,,,,,,,,,,,,,,,,,,,,,,,,,,,,,,,,,,,,,,,,,,,,,,,,,,,2025-01-26T09:18:18.785000+00:00,false,0,xtarsia,
1333002940482326568,,,,,,,,,,,,,,,,,,25fd1285287561dee4d39d9ac6f16e8c,,,,,,0,,0,Xtarsia,188054719481118720,,0,xtarsia,,1332695349705441301,,"LOD 0-3 are always ""no shadows"" and then SHADOW is always ""shadows only""",2025-01-26T09:17:47.008Z,,,,,,,,,,,,,,,,,0,,,false,,,,,,,,,,,,,,,,,,,,,,,,,,,,,,,,,,,,,,false,54,,,,,,,,,,,,,,,,,,,,,,,,,,,,,,,,,,,,,,,,,,,,,,,,,,,,,,,,,,,,,,,,,,,,,,,,,,,,,,,,,,,,,,,,,,,,,,,,,,,,,,,,,,2025-01-26T09:17:47.008000+00:00,false,0,xtarsia,
1333002741081182271,,,,,,,,,,,,,,,,,,25fd1285287561dee4d39d9ac6f16e8c,,,,,,0,,0,Xtarsia,188054719481118720,,0,xtarsia,,1332695349705441301,,"rather than trying to juggle the shadow casting LOD mmi, could just create another set?",2025-01-26T09:16:59.467Z,,,,,,,,,,,,,,,,,0,,,false,,,,,,,,,,,,,,,,,,,,,,,,,,,,,,,,,,,,,,false,53,,,,,,,,,,,,,,,,,,,,,,,,,,,,,,,,,,,,,,,,,,,,,,,,,,,,,,,,,,,,,,,,,,,,,,,,,,,,,,,,,,,,,,,,,,,,,,,,,,,,,,,,,,2025-01-26T09:16:59.467000+00:00,false,0,xtarsia,
1333002532758487050,,,,,,,,,,,,,,,,,,17fce6d938d625141e3adcd1e4c4565f,,,,,,0,,0,Laurent,204264549145116672,,0,laurentsnt,,1332695349705441301,,"<@188054719481118720> I believed I fixed all the leak, missing updates, etc. Would love if you could give it another look and let me know if you find anything weird on the PR.

If I'm not mistaken, last steps will be removing the shadow lod field for now and updating doc.",2025-01-26T09:16:09.799Z,2025-01-26T09:16:29.914000+00:00,,,,,,,,,,,,,,,,0,,,false,,,25fd1285287561dee4d39d9ac6f16e8c,,,,,,0,,0,Xtarsia,188054719481118720,,0,xtarsia,,,,,,,,,,,,,,,,,,,,,,false,52,,,,,,,,,,,,,,,,,,,,,,,,,,,,,,,,,,,,,,,,,,,,,,,,,,,,,,,,,,,,,,,,,,,,,,,,,,,,,,,,,,,,,,,,,,,,,,,,,,,,,,,,,,2025-01-26T09:16:09.799000+00:00,false,0,laurentsnt,
1333002155069800510,,,,,,,,,,,,,,,,,,17fce6d938d625141e3adcd1e4c4565f,,,,,,0,,0,Laurent,204264549145116672,,0,laurentsnt,,1332695349705441301,,"I'll leave the lod shadow system out of the PR for now, that seems out of scope,

let me know if you come up with a workaround because I found a pretty cool implem,
super disappointed I can get this in :[]
https://github.com/laurentsenta/Terrain3D/commit/b40c426a8007019e5b3ec8e231983404c87abf82

I guess setting up that signal in the lib would be useful, for shadow lods, but also for removing mmi once we reach some sort of distance threshold (like an LOD5 if that makes sense).",2025-01-26T09:14:39.751Z,,,,,,,,,,,,,,,,,4,,,false,,,,,,,,,,,,,,,,,,,,,,,,,,,,,,,,,,,,,,false,51,,,,,,,,,,,,,,,,,,,,,,,,,,,,,,,,,,,,,,,,,,,,,,,,,,,,,,,,,,,,,,,,,,,,,,,,,,,,,,,,,,,,,,,,,,,,,,,,,,,,,,,,,,2025-01-26T09:14:39.751000+00:00,false,0,laurentsnt,
1332988936418627666,,,,,,,,,,,,,,,,,,17fce6d938d625141e3adcd1e4c4565f,,,,,,0,,0,Laurent,204264549145116672,,0,laurentsnt,,1332695349705441301,,"Errr I can't get the visibility changed signal, I don't think godot emits that signals when it involves the visibility ranges",2025-01-26T08:22:08.179Z,,,,,,,,,,,,,,,,,0,,,false,,,7e8c75861a717a11a9fc6ce29d57f23f,,,,,,0,,0,Tokisan Games,455610038350774273,,0,tokisangames,,,,,,,,,,,,,,,,,1332695349705441301,691957978680786944,1332828899918483526,0,,false,50,,,,,,,,,,,,,,,7e8c75861a717a11a9fc6ce29d57f23f,,,,,,0,,0,Tokisan Games,455610038350774273,,0,tokisangames,1332695349705441301,,"I would look only at the version that is merged in the [main repo](https://github.com/puchik/godot-extras/blob/3.x/gdnative/multi-lod/src/lod.cpp#L321-L340).

> Which means I need to hook into the visibility_changed notification of the mmi to toggle the lod2 when I need, is this correct? 
Ah yes, since the engine is handling visibility instead of this plugin.

Node3D will signal when visibility changed.
https://docs.godotengine.org/en/stable/classes/class_node3d.html#class-node3d-signal-visibility-changed

We have lots of uses of using signals in [Terrain3D ](https://github.com/TokisanGames/Terrain3D/blob/main/src/terrain_3d.cpp#L56-L84) and Terrain3DAssets for instance.",,,4,1332828899918483526,false,,,,17fce6d938d625141e3adcd1e4c4565f,,,,,,0,,0,Laurent,204264549145116672,,0,laurentsnt,,,,,,,,,,,,,,,,1332695349705441301,691957978680786944,1332826358249689221,0,false,46,2025-01-25T21:46:12.504000+00:00,false,19,,,,,,,,,,,,,,,,,,,,,,,,,,,,,2025-01-26T08:22:08.179000+00:00,false,19,laurentsnt,
1332863678969675798,,,,,,,,,,,,,,,,,,25fd1285287561dee4d39d9ac6f16e8c,,,,,,0,,0,Xtarsia,188054719481118720,,0,xtarsia,,1332695349705441301,,<@204264549145116672> its just _destroy_mmi_by_cell() that needs updating,2025-01-26T00:04:24.476Z,,,,,,,,,,,,,,,,,0,,,false,,,17fce6d938d625141e3adcd1e4c4565f,,,,,,0,,0,Laurent,204264549145116672,,0,laurentsnt,,,,,,,,,,,,,,,,,,,,,,false,49,,,0,false,1,0,1,,üëç,false,false,,,,,,,,,,,,,,,,,,,,,,,,,,,,,,,,,,,,,,,,,,,,,,,,,,,,,,,,,,,,,,,,,,,,,,,,,,,,,,,,,,,,,,,,,,,,,,,2025-01-26T00:04:24.476000+00:00,false,0,xtarsia,
1332830941566996585,,,,,,,,,,,,,,,,,,7e8c75861a717a11a9fc6ce29d57f23f,,,,,,0,,0,Tokisan Games,455610038350774273,,0,tokisangames,,1332695349705441301,,Just be cautious that you don't trigger the signal when you edit visibility on a node or you'll create an infinite loop.,2025-01-25T21:54:19.271Z,,,,,,,,,,,,,,,,,0,,,false,,,,,,,,,,,,,,,,,,,,,,,,,,,,,,,,,,,,,,false,48,,,0,false,1,0,1,,üëç,false,false,,,,,,,,,,,,,,,,,,,,,,,,,,,,,,,,,,,,,,,,,,,,,,,,,,,,,,,,,,,,,,,,,,,,,,,,,,,,,,,,,,,,,,,,,,,,,,,2025-01-25T21:54:19.271000+00:00,false,0,tokisangames,
1332829977183256607,,,,,,,,,,,,,,,,,,7e8c75861a717a11a9fc6ce29d57f23f,,,,,,0,,0,Tokisan Games,455610038350774273,,0,tokisangames,,1332695349705441301,,"You can connect every MMI node visibility to a function, and bind some values like the location, mesh_id, maybe itself etc. Just enough information to find the 4 MMIs. 
Then in this function it reviews shadow caster settings for them.
When creating the MMIs, you can also call this function to setup the shadow cast settings initially.",2025-01-25T21:50:29.344Z,2025-01-25T21:51:24.111000+00:00,,,,,,,,,,,,,,,,0,,,false,,,,,,,,,,,,,,,,,,,,,,,,,,,,,,,,,,,,,,false,47,,,0,false,1,0,1,,üëç,false,false,,,,,,,,,,,,,,,,,,,,,,,,,,,,,,,,,,,,,,,,,,,,,,,,,,,,,,,,,,,,,,,,,,,,,,,,,,,,,,,,,,,,,,,,,,,,,,,2025-01-25T21:50:29.344000+00:00,false,0,tokisangames,
1332828899918483526,,,,,,,,,,,,,,,,,,7e8c75861a717a11a9fc6ce29d57f23f,,,,,,0,,0,Tokisan Games,455610038350774273,,0,tokisangames,,1332695349705441301,,"I would look only at the version that is merged in the [main repo](https://github.com/puchik/godot-extras/blob/3.x/gdnative/multi-lod/src/lod.cpp#L321-L340).

> Which means I need to hook into the visibility_changed notification of the mmi to toggle the lod2 when I need, is this correct? 
Ah yes, since the engine is handling visibility instead of this plugin.

Node3D will signal when visibility changed.
https://docs.godotengine.org/en/stable/classes/class_node3d.html#class-node3d-signal-visibility-changed

We have lots of uses of using signals in [Terrain3D ](https://github.com/TokisanGames/Terrain3D/blob/main/src/terrain_3d.cpp#L56-L84) and Terrain3DAssets for instance.",2025-01-25T21:46:12.504Z,,,,,,,,,,,,,,,,,4,,,false,,,17fce6d938d625141e3adcd1e4c4565f,,,,,,0,,0,Laurent,204264549145116672,,0,laurentsnt,,,,,,,,,,,,,,,,,1332695349705441301,691957978680786944,1332826358249689221,0,,false,46,,,,,,,,,,,,,,,17fce6d938d625141e3adcd1e4c4565f,,,,,,0,,0,Laurent,204264549145116672,,0,laurentsnt,1332695349705441301,,"It's clearer, thanks,
In your example,

max_lod = 3
shadow_lod = 2

if the visible lod is 0:
lod0 is visible with no shadows
lod2 is visible with only shadows

if the visible lod is 2:
lod2 is visible with shadows

Which means I need to hook into the visibility_changed notification of the mmi to toggle the lod2 when I need, is this correct? Is there an example doing something similar in the codebase?

I found this code, but it relies on a lod_function called every `_process`

https://github.com/TokisanGames/godot-extras/blob/e3c6713d72c73c9d5147e06c0e5601d347129345/gdnative/multi-lod/src/lod.cpp#L326-L332",,,4,1332826358249689221,false,,,,7e8c75861a717a11a9fc6ce29d57f23f,,,,,,0,,0,Tokisan Games,455610038350774273,,0,tokisangames,,,,,,,,,,,,,,,,1332695349705441301,691957978680786944,1332797693986209834,0,false,44,2025-01-25T21:36:06.523000+00:00,false,19,,,,,,,,,,,,,,,,,,,,,,,,,,,,,2025-01-25T21:46:12.504000+00:00,false,19,tokisangames,
1332828827751157851,,,,,,,,,,,,,,,,,,17fce6d938d625141e3adcd1e4c4565f,,,,,,0,,0,Laurent,204264549145116672,,0,laurentsnt,,1332695349705441301,,"I confirm the update is buggy, you need to close the scene and reopen it for the settings to take effect ü§¶ 

the visibility margin seems to work according to doc on my machine, if you set a visibility margin and then move back and forth between a LOD change point, they won't toggle back and forth.

Do you mean you'd like to have the visibility ranges overlap by offseting a bit the start and end based on the margin?",2025-01-25T21:45:55.298Z,2025-01-25T21:46:06.717000+00:00,,,,,,,,,,,,,,,,0,,,false,,,25fd1285287561dee4d39d9ac6f16e8c,,,,,,0,,0,Xtarsia,188054719481118720,,0,xtarsia,,,,,,,,,,,,,,,,,1332695349705441301,691957978680786944,1332800248963399712,0,,false,45,,,,,,,,,,,,,,,25fd1285287561dee4d39d9ac6f16e8c,,,,,,0,,0,Xtarsia,188054719481118720,,0,xtarsia,1332695349705441301,,"get_lod_visibility_range_begin() and get_lod_visibility_range_end() should return values modified by _visibility_margin.

rather setting the margin directly, as that only works when using the built in fade modes (which is broken for multimesh, as it operates only on the multimesh node position, not instance position)",,,0,1332800248963399712,false,,,,,,,,,,,,,,,,,,,,,,,,,,,,,,,,,,,,,false,41,2025-01-25T19:52:21.584000+00:00,false,0,,,,,,,,,,,,,,,,,,,,,,,,,,,,,2025-01-25T21:45:55.298000+00:00,false,19,laurentsnt,
1332826358249689221,,,,,,,,,,,,,,,,,,17fce6d938d625141e3adcd1e4c4565f,,,,,,0,,0,Laurent,204264549145116672,,0,laurentsnt,,1332695349705441301,,"It's clearer, thanks,
In your example,

max_lod = 3
shadow_lod = 2

if the visible lod is 0:
lod0 is visible with no shadows
lod2 is visible with only shadows

if the visible lod is 2:
lod2 is visible with shadows

Which means I need to hook into the visibility_changed notification of the mmi to toggle the lod2 when I need, is this correct? Is there an example doing something similar in the codebase?

I found this code, but it relies on a lod_function called every `_process`

https://github.com/TokisanGames/godot-extras/blob/e3c6713d72c73c9d5147e06c0e5601d347129345/gdnative/multi-lod/src/lod.cpp#L326-L332",2025-01-25T21:36:06.523Z,,,,,,,,,,,,,,,,,4,,,false,,,7e8c75861a717a11a9fc6ce29d57f23f,,,,,,0,,0,Tokisan Games,455610038350774273,,0,tokisangames,,,,,,,,,,,,,,,,,1332695349705441301,691957978680786944,1332797693986209834,0,,false,44,,,,,,,,,,,,,,,7e8c75861a717a11a9fc6ce29d57f23f,,,,,,0,,0,Tokisan Games,455610038350774273,,0,tokisangames,1332695349705441301,,"<@204264549145116672> You may already understand this, but to be clear about maximum_lod and shadow_lod:
* It should change lods based on distance up to the maximum_lod. If there are lods 0-4, maximum_lod=3 means it will ignore lod4 and only use 0-3.
* shadow_lod is for ""shadow impostors"" and means don't use higher than _this lod_ for the shadow mesh.  If shadow_lod = 2 and  maximum_lod = 3, then if the currently visible lod is 0, GeomteryInstance3D.cast_shadow will be marked no shadows, lod1 is invisible, lod2 is visible and GeomteryInstance3D.cast_shadow marked shadows only. 
I have code for this already in Puchik's repo if you need a guide.
Here's what it looks like:",2025-01-25T19:55:49.361000+00:00,,0,1332797693986209834,false,,,,17fce6d938d625141e3adcd1e4c4565f,,,,,,0,,0,Laurent,204264549145116672,,0,laurentsnt,,,,,,,,,,,,,,,,,,,,false,38,2025-01-25T19:42:12.430000+00:00,false,0,,,,,,,,,,,,,,,,,,,,,,,,,,,,,2025-01-25T21:36:06.523000+00:00,false,19,laurentsnt,
1332809309918204136,,,,,,,,,,,,,,,,,,25fd1285287561dee4d39d9ac6f16e8c,,,,,,0,,0,Xtarsia,188054719481118720,,0,xtarsia,,1332695349705441301,,The same for update MMI (incase of very large holes being painted),2025-01-25T20:28:21.884Z,,,,,,,,,,,,,,,,,0,,,false,,,,,,,,,,,,,,,,,,,,,,,,,,,,,,,,,,,,,,false,43,,,0,false,1,0,1,,üëÄ,false,false,,,,,,,,,,,,,,,,,,,,,,,,,,,,,,,,,,,,,,,,,,,,,,,,,,,,,,,,,,,,,,,,,,,,,,,,,,,,,,,,,,,,,,,,,,,,,,,2025-01-25T20:28:21.884000+00:00,false,0,xtarsia,
1332809168117039104,,,,,1,image/png,image.png,799,1332809167840477267,recNI4ZzaHhweahsaZOgZQw=,1,https://media.discordapp.net/attachments/1332695349705441301/1332809167840477267/image.png?ex=69655944&is=696407c4&hm=0e71bae6b7fbe948bdaa0df88e94cd41080898345bc19a4d2f3730eeb4127375&,1333158,,https://cdn.discordapp.com/attachments/1332695349705441301/1332809167840477267/image.png?ex=69655944&is=696407c4&hm=0e71bae6b7fbe948bdaa0df88e94cd41080898345bc19a4d2f3730eeb4127375&,1693,,25fd1285287561dee4d39d9ac6f16e8c,,,,,,0,,0,Xtarsia,188054719481118720,,0,xtarsia,,1332695349705441301,,"lol. 

Serious note, remove instances needs to ensure all MMI of all lods are destroyed, some orphans can get left behind at the moment.",2025-01-25T20:27:48.076Z,,,,,,,,,,,,,,,,,0,,,false,,,,,,,,,,,,,,,,,,,,,,,,,,,,,,,,,,,,,,false,42,,,0,false,1,0,1,,üëÄ,false,false,,,,,,,,,,,,,,,,,,,,,,,,,,,,,,,,,,,,,,,,,,,,,,,,,,,,,,,,,,,,,,,,,,,,,,,,,,,,,,,,,,,,,,,,,,,,,,,2025-01-25T20:27:48.076000+00:00,false,0,xtarsia,
1332800248963399712,,,,,,,,,,,,,,,,,,25fd1285287561dee4d39d9ac6f16e8c,,,,,,0,,0,Xtarsia,188054719481118720,,0,xtarsia,,1332695349705441301,,"get_lod_visibility_range_begin() and get_lod_visibility_range_end() should return values modified by _visibility_margin.

rather setting the margin directly, as that only works when using the built in fade modes (which is broken for multimesh, as it operates only on the multimesh node position, not instance position)",2025-01-25T19:52:21.584Z,,,,,,,,,,,,,,,,,0,,,false,,,,,,,,,,,,,,,,,,,,,,,,,,,,,,,,,,,,,,false,41,,,,,,,,,,,,,,,,,,,,,,,,,,,,,,,,,,,,,,,,,,,,,,,,,,,,,,,,,,,,,,,,,,,,,,,,,,,,,,,,,,,,,,,,,,,,,,,,,,,,,,,,,,2025-01-25T19:52:21.584000+00:00,false,0,xtarsia,
1332797836160667680,,,,,,,,,,,,,,,,,,7e8c75861a717a11a9fc6ce29d57f23f,,,,,,0,,0,Tokisan Games,455610038350774273,,0,tokisangames,,1332695349705441301,,https://github.com/puchik/godot-extras/blob/3.x/gdnative/multi-lod/doc/shadow_impostor.gif?raw=true,2025-01-25T19:42:46.327Z,,,,1,,image/gif,32,360,5/cFBICHd3iPiIdxh45njmDFCA==,1,https://images-ext-1.discordapp.net/external/oPKdLlY6i-Bhhaktd3Lssvn6_cXq8iKwumO8iVvxyDs/%3Fraw%3Dtrue/https/github.com/puchik/godot-extras/blob/3.x/gdnative/multi-lod/doc/shadow_impostor.gif,https://github.com/puchik/godot-extras/blob/3.x/gdnative/multi-lod/doc/shadow_impostor.gif?raw=true,640,,image,https://github.com/puchik/godot-extras/blob/3.x/gdnative/multi-lod/doc/shadow_impostor.gif?raw=true,0,,,false,,,,,,,,,,,,,,,,,,,,,,,,,,,,,,,,,,,,,,false,40,,,,,,,,,,,,,,,,,,,,,,,,,,,,,,,,,,,,,,,,,,,,,,,,,,,,,,,,,,,,,,,,,,,,,,,,,,,,,,,,,,,,,,,,,,,,,,,,,,,,,,,,,,2025-01-25T19:42:46.327000+00:00,false,0,tokisangames,
1332797693986209834,,,,,,,,,,,,,,,,,,7e8c75861a717a11a9fc6ce29d57f23f,,,,,,0,,0,Tokisan Games,455610038350774273,,0,tokisangames,,1332695349705441301,,"<@204264549145116672> You may already understand this, but to be clear about maximum_lod and shadow_lod:
* It should change lods based on distance up to the maximum_lod. If there are lods 0-4, maximum_lod=3 means it will ignore lod4 and only use 0-3.
* shadow_lod is for ""shadow impostors"" and means don't use higher than _this lod_ for the shadow mesh.  If shadow_lod = 2 and  maximum_lod = 3, then if the currently visible lod is 0, GeomteryInstance3D.cast_shadow will be marked no shadows, lod1 is invisible, lod2 is visible and GeomteryInstance3D.cast_shadow marked shadows only. 
I have code for this already in Puchik's repo if you need a guide.
Here's what it looks like:",2025-01-25T19:42:12.430Z,2025-01-25T19:55:49.361000+00:00,,,,,,,,,,,,,,,,0,,,false,,,17fce6d938d625141e3adcd1e4c4565f,,,,,,0,,0,Laurent,204264549145116672,,0,laurentsnt,,,,,,,,,,,,,,,,,,,,,,false,38,,,,,,,,,,,,,,,,,,,,,,,,,,,,,,,,,,,,,,,,,,,,,,,,,,,,,,,,,,,,,,,,,,,,,,,,,,,,,,,,,,,,,,,,,,,,,,,,,,,,,,,,,,2025-01-25T19:42:12.430000+00:00,false,0,tokisangames,
1332796256363352135,,,,,,,,,,,,,,,,,,25fd1285287561dee4d39d9ac6f16e8c,,,,,,0,,0,Xtarsia,188054719481118720,,0,xtarsia,,1332695349705441301,,but it may be an updating problem when changing settings,2025-01-25T19:36:29.674Z,,,,,,,,,,,,,,,,,0,,,false,,,,,,,,,,,,,,,,,,,,,,,,,,,,,,,,,,,,,,false,37,,,,,,,,,,,,,,,,,,,,,,,,,,,,,,,,,,,,,,,,,,,,,,,,,,,,,,,,,,,,,,,,,,,,,,,,,,,,,,,,,,,,,,,,,,,,,,,,,,,,,,,,,,2025-01-25T19:36:29.674000+00:00,false,0,xtarsia,
1332796120363044996,,,,,,,,,,,,,,,,,,25fd1285287561dee4d39d9ac6f16e8c,,,,,,0,,0,Xtarsia,188054719481118720,,0,xtarsia,,1332695349705441301,,margin doesnt seem correct,2025-01-25T19:35:57.249Z,,,,,,,,,,,,,,,,,0,,,false,,,,,,,,,,,,,,,,,,,,,,,,,,,,,,,,,,,,,,false,36,,,,,,,,,,,,,,,,,,,,,,,,,,,,,,,,,,,,,,,,,,,,,,,,,,,,,,,,,,,,,,,,,,,,,,,,,,,,,,,,,,,,,,,,,,,,,,,,,,,,,,,,,,2025-01-25T19:35:57.249000+00:00,false,0,xtarsia,
1332795913961213994,,,,,1,image/png,image.png,764,1332795913600634910,GukFE4J8aZp4l/iJm4Clqfk=,1,https://media.discordapp.net/attachments/1332695349705441301/1332795913600634910/image.png?ex=69654ceb&is=6963fb6b&hm=4f03cc7f989b34a93ce97125e2f9e438174c885a29b34b3f6c934e64d3d8f5c8&,2681030,,https://cdn.discordapp.com/attachments/1332695349705441301/1332795913600634910/image.png?ex=69654ceb&is=6963fb6b&hm=4f03cc7f989b34a93ce97125e2f9e438174c885a29b34b3f6c934e64d3d8f5c8&,1684,,25fd1285287561dee4d39d9ac6f16e8c,,,,,,0,,0,Xtarsia,188054719481118720,,0,xtarsia,,1332695349705441301,,"I modified the test scene a bit, it works nice so far:",2025-01-25T19:35:08.039Z,,,,,,,,,,,,,,,,,0,,,false,,,,,,,,,,,,,,,,,,,,,,,,,,,,,,,,,,,,,,false,35,,,,,,,,,,,,,,,,,,,,,,,,,,,,,,,,,,,,,,,,,,,,,,,,,,,,,,,,,,,,,,,,,,,,,,,,,,,,,,,,,,,,,,,,,,,,,,,,,,,,,,,,,,2025-01-25T19:35:08.039000+00:00,false,0,xtarsia,
1332795825054548089,,,,,,,,,,,,,,,,,,25fd1285287561dee4d39d9ac6f16e8c,,,,,,0,,0,Xtarsia,188054719481118720,,0,xtarsia,,1332695349705441301,,Yeah.,2025-01-25T19:34:46.842Z,,,,,,,,,,,,,,,,,0,,,false,,,,,,,,,,,,,,,,,,,,,,,,,,,,,,,,,,,,,,false,34,,,,,,,,,,,,,,,,,,,,,,,,,,,,,,,,,,,,,,,,,,,,,,,,,,,,,,,,,,,,,,,,,,,,,,,,,,,,,,,,,,,,,,,,,,,,,,,,,,,,,,,,,,2025-01-25T19:34:46.842000+00:00,false,0,xtarsia,
1332795595060150373,,,,,,,,,,,,,,,,,,7e8c75861a717a11a9fc6ce29d57f23f,,,,,,0,,0,Tokisan Games,455610038350774273,,0,tokisangames,,1332695349705441301,,"\> lod0 distance -> show lod1
\> lod1 distance -> show lod2
\> lod2 distance -> show lod3
\> lod3 distance -> invisible (old _visibility_range)",2025-01-25T19:33:52.007Z,2025-01-25T19:34:06.989000+00:00,,,,,,,,,,,,,,,,0,,,false,,,,,,,,,,,,,,,,,,,,,,,,,,,,,,,,,,,,,,false,33,,,,,,,,,,,,,,,,,,,,,,,,,,,,,,,,,,,,,,,,,,,,,,,,,,,,,,,,,,,,,,,,,,,,,,,,,,,,,,,,,,,,,,,,,,,,,,,,,,,,,,,,,,2025-01-25T19:33:52.007000+00:00,false,0,tokisangames,
1332795095082074191,,,,,,,,,,,,,,,,,,25fd1285287561dee4d39d9ac6f16e8c,,,,,,0,,0,Xtarsia,188054719481118720,,0,xtarsia,,1332695349705441301,,LOD3 distance seems redundant.,2025-01-25T19:31:52.803Z,2025-01-25T19:33:02.686000+00:00,,,,,,,,,,,,,,,,0,,,false,,,,,,,,,,,,,,,,,,,,,,,,,,,,,,,,,,,,,,false,32,,,,,,,,,,,,,,,,,,,,,,,,,,,,,,,,,,,,,,,,,,,,,,,,,,,,,,,,,,,,,,,,,,,,,,,,,,,,,,,,,,,,,,,,,,,,,,,,,,,,,,,,,,2025-01-25T19:31:52.803000+00:00,false,0,xtarsia,
1332794412430000151,,,,,,,,,,,,,,,,,,7e8c75861a717a11a9fc6ce29d57f23f,,,,,,0,,0,Tokisan Games,455610038350774273,,0,tokisangames,,1332695349705441301,,"That UI is better than editing an array, but what would we need a range for? Can it do 4 values?",2025-01-25T19:29:10.046Z,,,,,,,,,,,,,,,,,0,,,false,,,,,,,,,,,,,,,,,,,,,,,,,,,,,,,,,,,,,,false,31,,,,,,,,,,,,,,,,,,,,,,,,,,,,,,,,,,,,,,,,,,,,,,,,,,,,,,,,,,,,,,,,,,,,,,,,,,,,,,,,,,,,,,,,,,,,,,,,,,,,,,,,,,2025-01-25T19:29:10.046000+00:00,false,0,tokisangames,
1332788937546268733,,,,,,,,,,,,,,,,,,17fce6d938d625141e3adcd1e4c4565f,,,,,,0,,0,Laurent,204264549145116672,,0,laurentsnt,,1332695349705441301,,I opened a PR and left a few questions I need help with: https://github.com/TokisanGames/Terrain3D/pull/604,2025-01-25T19:07:24.732Z,,,,,,,,,,,,,,,,,4,,,false,,,,,,,,,,,,,,,,,,,,,,,,,,,,,,,,,,,,,,false,30,,,0,false,1,0,1,,üî•,false,false,,,,,,,,,,,,,,,,,,,,,,,,,,,,,,,,,,,,,,,,,,,,,,,,,,,,,,,,,,,,,,,,,,,,,,,,,,,,,,,,,,,,,,,,,,,,,,,2025-01-25T19:07:24.732000+00:00,false,0,laurentsnt,
1332788603306381412,,,,,1,image/png,CleanShot_2025-01-25_at_20.04.562x.png,316,1332788603121827890,TucFAoCvc2VnmFh0kLgKmcs=,1,https://media.discordapp.net/attachments/1332695349705441301/1332788603121827890/CleanShot_2025-01-25_at_20.04.562x.png?ex=6965461c&is=6963f49c&hm=a1d71a39f3c5fc4c16635b8ae04ad00f51ffcc9397af79b6dc9111ee2f37d72b&,34661,CleanShot 2025-01-25 at 20.04.56@2x,https://cdn.discordapp.com/attachments/1332695349705441301/1332788603121827890/CleanShot_2025-01-25_at_20.04.562x.png?ex=6965461c&is=6963f49c&hm=a1d71a39f3c5fc4c16635b8ae04ad00f51ffcc9397af79b6dc9111ee2f37d72b&,1272,,17fce6d938d625141e3adcd1e4c4565f,,,,,,0,,0,Laurent,204264549145116672,,0,laurentsnt,,1332695349705441301,,"With some sort of range UI like the one in the particle editor you'd get the best of both world,",2025-01-25T19:06:05.043Z,,,,,,,,,,,,,,,,,0,,,false,,,,,,,,,,,,,,,,,,,,,,,,,,,,,,,,,,,,,,false,29,,,,,,,,,,,,,,,,,,,,,,,,,,,,,,,,,,,,,,,,,,,,,,,,,,,,,,,,,,,,,,,,,,,,,,,,,,,,,,,,,,,,,,,,,,,,,,,,,,,,,,,,,,2025-01-25T19:06:05.043000+00:00,false,0,laurentsnt,
1332768019268767794,,,,,,,,,,,,,,,,,,7e8c75861a717a11a9fc6ce29d57f23f,,,,,,0,,0,Tokisan Games,455610038350774273,,0,tokisangames,,1332695349705441301,,"We can learn a lot from Puchik's [Multi-LOD](https://github.com/puchik/godot-extras/tree/3.x/gdnative/multi-lod) for Godot 3, which I contributed to and we used to use in Out of the Ashes, and his new [Importance LOD](https://github.com/puchik/godot-extras/tree/master/gdextension/importance-lod) for Godot 4.

His GD3 system had options for [fixed meter distances and screen size percentages](https://github.com/puchik/godot-extras/blob/3.x/gdnative/multi-lod/src/lod.h#L203-L218). But screen percentages won't work well for a whole lod. I'm not opposed to having one fixed distance value and percentages for the lods. Manually set fixed distances is also fine.",2025-01-25T17:44:17.426Z,2025-01-25T17:46:24.774000+00:00,,,,,,,,,,,,,,,,4,,,false,,,,,,,,,,,,,,,,,,,,,,,,,,,,,,,,,,,,,,false,28,,,,,,,,,,,,,,,,,,,,,,,,,,,,,,,,,,,,,,,,,,,,,,,,,,,,,,,,,,,,,,,,,,,,,,,,,,,,,,,,,,,,,,,,,,,,,,,,,,,,,,,,,,2025-01-25T17:44:17.426000+00:00,false,0,tokisangames,
1332763160372973568,,,,,,,,,,,,,,,,,,25fd1285287561dee4d39d9ac6f16e8c,,,,,,0,,0,Xtarsia,188054719481118720,,0,xtarsia,,1332695349705441301,,Could make them percentages?,2025-01-25T17:24:58.975Z,,,,,,,,,,,,,,,,,0,,,false,,,,,,,,,,,,,,,,,,,,,,,,,,,,,,,,,,,,,,false,27,,,,,,,,,,,,,,,,,,,,,,,,,,,,,,,,,,,,,,,,,,,,,,,,,,,,,,,,,,,,,,,,,,,,,,,,,,,,,,,,,,,,,,,,,,,,,,,,,,,,,,,,,,2025-01-25T17:24:58.975000+00:00,false,0,xtarsia,
1332755577805475953,,,,,,,,,,,,,,,,,,7e8c75861a717a11a9fc6ce29d57f23f,,,,,,0,,0,Tokisan Games,455610038350774273,,0,tokisangames,,1332695349705441301,,"I would cut ""begin"". Or probably rename them all lod0 visibility range",2025-01-25T16:54:51.150Z,,,,,,,,,,,,,,,,,0,,,false,,,,,,,,,,,,,,,,,,,,,,,,,,,,,,,,,,,,,,false,26,,,0,false,1,0,1,,üëç,false,false,,,,,,,,,,,,,,,,,,,,,,,,,,,,,,,,,,,,,,,,,,,,,,,,,,,,,,,,,,,,,,,,,,,,,,,,,,,,,,,,,,,,,,,,,,,,,,,2025-01-25T16:54:51.150000+00:00,false,0,tokisangames,
1332755283092574310,,,,,,,,,,,,,,,,,,7e8c75861a717a11a9fc6ce29d57f23f,,,,,,0,,0,Tokisan Games,455610038350774273,,0,tokisangames,,1332695349705441301,,Lod 0 distance and visibility range are the same thing and can be combined.,2025-01-25T16:53:40.885Z,,,,,,,,,,,,,,,,,0,,,false,,,,,,,,,,,,,,,,,,,,,,,,,,,,,,,,,,,,,,false,25,,,,,,,,,,,,,,,,,,,,,,,,,,,,,,,,,,,,,,,,,,,,,,,,,,,,,,,,,,,,,,,,,,,,,,,,,,,,,,,,,,,,,,,,,,,,,,,,,,,,,,,,,,2025-01-25T16:53:40.885000+00:00,false,0,tokisangames,
1332750818348367974,,,,,,,,,,,,,,,,,,17fce6d938d625141e3adcd1e4c4565f,,,,,,0,,0,Laurent,204264549145116672,,0,laurentsnt,,1332695349705441301,,"fwiw, I think we can make any option work with that UI, I can expose `get_lod_#` property that retrieve from an array, or use hardcoded field and provide a `get_lod(id)` that switch case.",2025-01-25T16:35:56.407Z,,,,,,,,,,,,,,,,,0,,,false,,,,,,,,,,,,,,,,,,,,,,,,,,,,,,,,,,,,,,false,24,,,0,false,1,0,1,,üëç,false,false,,,,,,,,,,,,,,,,,,,,,,,,,,,,,,,,,,,,,,,,,,,,,,,,,,,,,,,,,,,,,,,,,,,,,,,,,,,,,,,,,,,,,,,,,,,,,,,2025-01-25T16:35:56.407000+00:00,false,0,laurentsnt,
1332750388503380029,,,,,1,image/png,CleanShot_2025-01-25_at_17.32.452x.png,1044,1332750388255784970,ivcBBoCMmWmKd3pPlsdoxnZ8YKQ4Be8=,1,https://media.discordapp.net/attachments/1332695349705441301/1332750388255784970/CleanShot_2025-01-25_at_17.32.452x.png?ex=69652285&is=6963d105&hm=02fce9ffa3e015feb8ad412a4a72560f48fe78fac5633806b07ead612997fc22&,149695,CleanShot 2025-01-25 at 17.32.45@2x,https://cdn.discordapp.com/attachments/1332695349705441301/1332750388255784970/CleanShot_2025-01-25_at_17.32.452x.png?ex=69652285&is=6963d105&hm=02fce9ffa3e015feb8ad412a4a72560f48fe78fac5633806b07ead612997fc22&,1298,,17fce6d938d625141e3adcd1e4c4565f,,,,,,0,,0,Laurent,204264549145116672,,0,laurentsnt,,1332695349705441301,,"That's what I thought, this is what I got for now",2025-01-25T16:34:13.924Z,,,,,,,,,,,,,,,,,0,,,false,,,,,,,,,,,,,,,,,,,,,,,,,,,,,,,,,,,,,,false,23,,,,,,,,,,,,,,,,,,,,,,,,,,,,,,,,,,,,,,,,,,,,,,,,,,,,,,,,,,,,,,,,,,,,,,,,,,,,,,,,,,,,,,,,,,,,,,,,,,,,,,,,,,2025-01-25T16:34:13.924000+00:00,false,0,laurentsnt,
1332749955349090314,,,,,,,,,,,,,,,,,,7e8c75861a717a11a9fc6ce29d57f23f,,,,,,0,,0,Tokisan Games,455610038350774273,,0,tokisangames,,1332695349705441301,,Think about how that will display in the inspector though. Working with arrays in the inspector sucks.,2025-01-25T16:32:30.652Z,,,,,,,,,,,,,,,,,0,,,false,,,,,,,,,,,,,,,,,,,,,,,,,,,,,,,,,,,,,,false,22,,,,,,,,,,,,,,,,,,,,,,,,,,,,,,,,,,,,,,,,,,,,,,,,,,,,,,,,,,,,,,,,,,,,,,,,,,,,,,,,,,,,,,,,,,,,,,,,,,,,,,,,,,2025-01-25T16:32:30.652000+00:00,false,0,tokisangames,
1332747354939461633,,,,,,,,,,,,,,,,,,25fd1285287561dee4d39d9ac6f16e8c,,,,,,0,,0,Xtarsia,188054719481118720,,0,xtarsia,,1332695349705441301,,"The 2nd is better, since the function takes an int already. That is the index into the array",2025-01-25T16:22:10.666Z,,,,,,,,,,,,,,,,,0,,,false,,,,,,,,,,,,,,,,,,,,,,,,,,,,,,,,,,,,,,false,21,,,,,,,,,,,,,,,,,,,,,,,,,,,,,,,,,,,,,,,,,,,,,,,,,,,,,,,,,,,,,,,,,,,,,,,,,,,,,,,,,,,,,,,,,,,,,,,,,,,,,,,,,,2025-01-25T16:22:10.666000+00:00,false,0,xtarsia,
1332744141704269997,,,,,,,,,,,,,,,,,,17fce6d938d625141e3adcd1e4c4565f,,,,,,0,,0,Laurent,204264549145116672,,0,laurentsnt,,1332695349705441301,,"My question was more about the kind of structure you'd rather use:

```
lod_0_distance: float
lod_1_distance: float
...
```

Or 
```
lod_distances: Array[float]
```

Since we're hardcoding 4 LODs and there's a lot of emphasis on usability, I'd go for the first option.",2025-01-25T16:09:24.571Z,,,,,,,,,,,,,,,,,0,,,false,,,7e8c75861a717a11a9fc6ce29d57f23f,,,,,,0,,0,Tokisan Games,455610038350774273,,0,tokisangames,,,,,,,,,,,,,,,,,1332695349705441301,691957978680786944,1332739754466476032,0,,false,20,,,,,,,,,,,,,,,7e8c75861a717a11a9fc6ce29d57f23f,,,,,,0,,0,Tokisan Games,455610038350774273,,0,tokisangames,1332695349705441301,,"> I'll add a bunch of fields to terrain 3d mesh asset, should I use an array or hardcode something
We don't want too many, as that is poor usability. One distance for each LOD is fine, maybe a general margin or fade mode for transitions. The rest can be auto calculated. These get applied to the MMIs, not the meshes.",2025-01-25T16:03:19.023000+00:00,,0,1332739754466476032,false,,,,,,,,,,,,,,,,,,,,,,,,,,,,,,,,,,,,,false,18,2025-01-25T15:51:58.572000+00:00,false,0,,,,,,,,,,,,,,,,,,,,,,,,,,,,,2025-01-25T16:09:24.571000+00:00,false,19,laurentsnt,
1332739754466476032,,,,,,,,,,,,,,,,,,7e8c75861a717a11a9fc6ce29d57f23f,,,,,,0,,0,Tokisan Games,455610038350774273,,0,tokisangames,,1332695349705441301,,"> I'll add a bunch of fields to terrain 3d mesh asset, should I use an array or hardcode something
We don't want too many, as that is poor usability. One distance for each LOD is fine, maybe a general margin or fade mode for transitions. The rest can be auto calculated. These get applied to the MMIs, not the meshes.",2025-01-25T15:51:58.572Z,2025-01-25T16:03:19.023000+00:00,,,,,,,,,,,,,,,,0,,,false,,,,,,,,,,,,,,,,,,,,,,,,,,,,,,,,,,,,,,false,18,,,,,,,,,,,,,,,,,,,,,,,,,,,,,,,,,,,,,,,,,,,,,,,,,,,,,,,,,,,,,,,,,,,,,,,,,,,,,,,,,,,,,,,,,,,,,,,,,,,,,,,,,,2025-01-25T15:51:58.572000+00:00,false,0,tokisangames,
1332737609885290582,,,,,,,,,,,,,,,,,,7e8c75861a717a11a9fc6ce29d57f23f,,,,,,0,,0,Tokisan Games,455610038350774273,,0,tokisangames,,1332695349705441301,,"> Is there anything related to margins and fade mode to prepare
That goes on the MMI. I wouldn't worry about it until you have everything else I specified first.",2025-01-25T15:43:27.264Z,,,,,,,,,,,,,,,,,0,,,false,,,,,,,,,,,,,,,,,,,,,,,,,,,,,,,,,,,,,,false,17,,,,,,,,,,,,,,,,,,,,,,,,,,,,,,,,,,,,,,,,,,,,,,,,,,,,,,,,,,,,,,,,,,,,,,,,,,,,,,,,,,,,,,,,,,,,,,,,,,,,,,,,,,2025-01-25T15:43:27.264000+00:00,false,0,tokisangames,
1332737171567677470,,,,,,,,,,,,,,,,,,7e8c75861a717a11a9fc6ce29d57f23f,,,,,,0,,0,Tokisan Games,455610038350774273,,0,tokisangames,,1332695349705441301,,"> repurpose Terrain3DMeshAsset::get_mesh
That's why that function exists. To get any existing LOD. That's what I mean by infrastructure we've already built. We're already half setup for lods.",2025-01-25T15:41:42.761Z,,,,,,,,,,,,,,,,,0,,,false,,,,,,,,,,,,,,,,,,,,,,,,,,,,,,,,,,,,,,false,16,,,,,,,,,,,,,,,,,,,,,,,,,,,,,,,,,,,,,,,,,,,,,,,,,,,,,,,,,,,,,,,,,,,,,,,,,,,,,,,,,,,,,,,,,,,,,,,,,,,,,,,,,,2025-01-25T15:41:42.761000+00:00,false,0,tokisangames,
1332736224984698954,,,,,,,,,,,,,,,,,,7e8c75861a717a11a9fc6ce29d57f23f,,,,,,0,,0,Tokisan Games,455610038350774273,,0,tokisangames,,1332695349705441301,,It's easier to reply to your individual questions if they are individual discord posts rather than one large block.,2025-01-25T15:37:57.078Z,,,,,,,,,,,,,,,,,0,,,false,,,,,,,,,,,,,,,,,,,,,,,,,,,,,,,,,,,,,,false,15,,,0,false,1,0,1,,üëç,false,false,,,,,,,,,,,,,,,,,,,,,,,,,,,,,,,,,,,,,,,,,,,,,,,,,,,,,,,,,,,,,,,,,,,,,,,,,,,,,,,,,,,,,,,,,,,,,,,2025-01-25T15:37:57.078000+00:00,false,0,tokisangames,
1332735388304937063,,,,,,,,,,,,,,,,,,17fce6d938d625141e3adcd1e4c4565f,,,,,,0,,0,Laurent,204264549145116672,,0,laurentsnt,,1332695349705441301,,"Perfect, thanks for sharing all these details,

I can repurpose `Terrain3DMeshAsset::get_mesh(const int p_index)` correct? 
`p_index` would be the LOD level, we only use 0 for now.

Is there anything related to margins and fade mode to prepare? (I noticed visibility_margin was a wip in the code)
https://docs.godotengine.org/fr/4.x/tutorials/3d/visibility_ranges.html#visibility-range-properties

I'll add a bunch of fields to terrain 3d mesh asset, should I use an array, or hardcode something like:

```
lod0_visibility_begin
lod1_visibility_begin
lod2_vis...
lod_4_visbility_end
```",2025-01-25T15:34:37.598Z,,,,,,,,,,,,,,,,,4,,,false,,,,,,,,,,,,,,,,,,,,,,,,,,,,,,,,,,,,,,false,14,,,,,,,,,,,,,,,,,,,,,,,,,,,,,,,,,,,,,,,,,,,,,,,,,,,,,,,,,,,,,,,,,,,,,,,,,,,,,,,,,,,,,,,,,,,,,,,,,,,,,,,,,,2025-01-25T15:34:37.598000+00:00,false,0,laurentsnt,
1332733701662048327,,,,,,,,,,,,,,,,,,7e8c75861a717a11a9fc6ce29d57f23f,,,,,,0,,0,Tokisan Games,455610038350774273,,0,tokisangames,,1332695349705441301,,"For first steps, I would take care of this, which is probably half of the challenge:
* Setup building the plugin.
* Read Terrain3DMeshAsset to see how it adds the first mesh to the array, and get it adding up to 4 if they exist.
* In Terrain3DMeshAsset, provide the means to select the maximum LOD.
* In Terrain3DMeshAsset, provide the means to select the shadow LOD.",2025-01-25T15:27:55.471Z,,,,,,,,,,,,,,,,,0,,,false,,,,,,,,,,,,,,,,,,,,,,,,,,,,,,,,,,,,,,false,13,,,,,,,,,,,,,,,,,,,,,,,,,,,,,,,,,,,,,,,,,,,,,,,,,,,,,,,,,,,,,,,,,,,,,,,,,,,,,,,,,,,,,,,,,,,,,,,,,,,,,,,,,,2025-01-25T15:27:55.471000+00:00,false,0,tokisangames,
1332732455454769204,,,,,,,,,,,,,,,,,,7e8c75861a717a11a9fc6ce29d57f23f,,,,,,0,,0,Tokisan Games,455610038350774273,,0,tokisangames,,1332695349705441301,,"I don't expect the inspector UI to be complex. Maybe providing a dropdown list of LODs to define the last one in case they only want to use 2, and another dropdown for the shadow mesh.",2025-01-25T15:22:58.352Z,,,,,,,,,,,,,,,,,0,,,false,,,,,,,,,,,,,,,,,,,,,,,,,,,,,,,,,,,,,,false,12,,,,,,,,,,,,,,,,,,,,,,,,,,,,,,,,,,,,,,,,,,,,,,,,,,,,,,,,,,,,,,,,,,,,,,,,,,,,,,,,,,,,,,,,,,,,,,,,,,,,,,,,,,2025-01-25T15:22:58.352000+00:00,false,0,tokisangames,
1332731949801799741,,,,,,,,,,,,,,,,,,7e8c75861a717a11a9fc6ce29d57f23f,,,,,,0,,0,Tokisan Games,455610038350774273,,0,tokisangames,,1332695349705441301,,"The user should have `LOD#` at the end of the file name, so we can add them to the existing mesh array.
The Terrain3DMeshAsset should be able to specify a LOD to use as a shadow mesh.",2025-01-25T15:20:57.795Z,2025-01-25T15:24:33.829000+00:00,,,,,,,,,,,,,,,,0,,,false,,,,,,,,,,,,,,,,,,,,,,,,,,,,,,,,,,,,,,false,11,,,,,,,,,,,,,,,,,,,,,,,,,,,,,,,,,,,,,,,,,,,,,,,,,,,,,,,,,,,,,,,,,,,,,,,,,,,,,,,,,,,,,,,,,,,,,,,,,,,,,,,,,,2025-01-25T15:20:57.795000+00:00,false,0,tokisangames,
1332731508330336429,,,,,1,image/png,Godot_v4.3-stable_win64_GGIoWfhSMI.png,222,1332731508053643264,CwgCDIBbYGRniXhliogvhvFoRw==,1,https://media.discordapp.net/attachments/1332695349705441301/1332731508053643264/Godot_v4.3-stable_win64_GGIoWfhSMI.png?ex=6965b9b0&is=69646830&hm=d8d993ab5bda46b59cfd13f348b12bbec75d073032e0ead905562fc3502022fc&,9178,,https://cdn.discordapp.com/attachments/1332695349705441301/1332731508053643264/Godot_v4.3-stable_win64_GGIoWfhSMI.png?ex=6965b9b0&is=69646830&hm=d8d993ab5bda46b59cfd13f348b12bbec75d073032e0ead905562fc3502022fc&,359,,7e8c75861a717a11a9fc6ce29d57f23f,,,,,,0,,0,Tokisan Games,455610038350774273,,0,tokisangames,,1332695349705441301,,"Currently when you attach a scene it searches for and uses the first MeshInstance3D. It should be able to handle a scene structure like the following. A structure like this is very, very common in artist created assets for use in other engines.",2025-01-25T15:19:12.540Z,2025-01-25T15:25:14.843000+00:00,,,,,,,,,,,,,,,,0,,,false,,,,,,,,,,,,,,,,,,,,,,,,,,,,,,,,,,,,,,false,10,,,,,,,,,,,,,,,,,,,,,,,,,,,,,,,,,,,,,,,,,,,,,,,,,,,,,,,,,,,,,,,,,,,,,,,,,,,,,,,,,,,,,,,,,,,,,,,,,,,,,,,,,,2025-01-25T15:19:12.540000+00:00,false,0,tokisangames,
1332731006880452671,,,,,,,,,,,,,,,,,,7e8c75861a717a11a9fc6ce29d57f23f,,,,,,0,,0,Tokisan Games,455610038350774273,,0,tokisangames,,1332695349705441301,,"I agree, it should be able to handle 1-4 LODs. The user can decide if it is an imposter or a real mesh. We don't care. But it should all be in one scene.",2025-01-25T15:17:12.985Z,2025-01-25T15:24:12.212000+00:00,,,,,,,,,,,,,,,,0,,,false,,,,,,,,,,,,,,,,,,,,,,,,,,,,,,,,,,,,,,false,9,,,,,,,,,,,,,,,,,,,,,,,,,,,,,,,,,,,,,,,,,,,,,,,,,,,,,,,,,,,,,,,,,,,,,,,,,,,,,,,,,,,,,,,,,,,,,,,,,,,,,,,,,,2025-01-25T15:17:12.985000+00:00,false,0,tokisangames,
1332730696946421903,,,,,,,,,,,,,,,,,,7e8c75861a717a11a9fc6ce29d57f23f,,,,,,0,,0,Tokisan Games,455610038350774273,,0,tokisangames,,1332695349705441301,,"> That feels like a much heavier lift TBH. 
It will be a lot easier to implement it properly in C++ than to hack together a shoddy solution in GDScript because we have already implemented infrastructure that you'll have to recreate. I expect the final implementation to be under 30 lines of code. 
I or Xtarsia could probably do it in a day, more for polish. Either of us could guide you.
No ticket other than that one.",2025-01-25T15:15:59.091Z,2025-01-25T15:23:34.767000+00:00,,,,,,,,,,,,,,,,0,,,false,,,17fce6d938d625141e3adcd1e4c4565f,,,,,,0,,0,Laurent,204264549145116672,,0,laurentsnt,,,,,,,,,,,,,,,,,1332695349705441301,691957978680786944,1332709549093949481,0,,false,8,,,,,,,,,,,,,,,17fce6d938d625141e3adcd1e4c4565f,,,,,,0,,0,Laurent,204264549145116672,,0,laurentsnt,1332695349705441301,,"That feels like a much heavier lift TBH. Getting into cpp, the Terrain3D architecture, toolset, contribution workflows, testing, etc. seems a few order of magnitude more complex than hacking a bunch of gdscript üôÇ

I could give it a shot, and share notes on GH as I go along,

Roughly, how long would it take you or a maintainer familiar with the lib?
Just to get a rough idea of the effort,

Is there a ticket to track this feature? Other than
https://github.com/TokisanGames/Terrain3D/issues/43

From a user perspective, my understanding is the workflow would look like this:
- When I edit a multimesh, I can add a scene that contains a few `LOD#` node3d below the root node.
- If  the scene contains LOD nodes, the config UI list the LODs and the user can edit their visibility ranges,
- At runtime, when spawning a cell or region, the instancer would load the lod configuration, load the scene, then run the /magic to be implemented/.

Is this correct? Am I overcomplicating?
Does it make sense to allow overlaps for visibility ranges, which might be a way to blend between LODs?

From the backend point of view, I only have one naive question for now:

From your comment it sounds like we'd create one MMI per mesh x cell x LOD.
Does this mean memory usage grows linearly with the number of LODs?

Would it be possible / make sense to have one MMI per mesh x cell, and swap out the mesh based on distance? I guess there is already some machinery in Terrain3D to detect events related to a cell's distance.

Is there any tricky interactions to pay attention too, like the loading / unloading of regions?",,,4,1332709549093949481,false,,,,,,,,,,,,,,,,,,,,,,,,,,,,,,,,,,,,,false,,2025-01-25T13:51:57.050000+00:00,false,0,,,,,,,,,,,,,,,,,,,,,,,,,,,,,2025-01-25T15:15:59.091000+00:00,false,19,tokisangames,
1332721480886259762,,,,,,,,,,,,,,,,,,25fd1285287561dee4d39d9ac6f16e8c,,,,,,0,,0,Xtarsia,188054719481118720,,0,xtarsia,,1332695349705441301,,I have a few ideas,2025-01-25T14:39:21.811Z,,,,,,,,,,,,,,,,,0,,,false,,,,,,,,,,,,,,,,,,,,,,,,,,,,,,,,,,,,,,false,7,,,0,false,1,0,1,,üëç,false,false,,,,,,,,,,,,,,,,,,,,,,,,,,,,,,,,,,,,,,,,,,,,,,,,,,,,,,,,,,,,,,,,,,,,,,,,,,,,,,,,,,,,,,,,,,,,,,,2025-01-25T14:39:21.811000+00:00,false,0,xtarsia,
1332716105059401781,,,,,,,,,,,,,,,,,,17fce6d938d625141e3adcd1e4c4565f,,,,,,0,,0,Laurent,204264549145116672,,0,laurentsnt,,1332695349705441301,,"Got it,

I like the idea of having the LODs stay in my scene, it gives me hope I can reuse the same scene outside of Terrain3D (with another lib for example).

Would it be particularly hard to decode the LODs from the scene?

I guess if we get the instancing machinery and data model right then the UX/UI can be refined as a second pass.",2025-01-25T14:18:00.114Z,,,,,,,,,,,,,,,,,0,,,false,,,,,,,,,,,,,,,,,,,,,,,,,,,,,,,,,,,,,,false,6,,,,,,,,,,,,,,,,,,,,,,,,,,,,,,,,,,,,,,,,,,,,,,,,,,,,,,,,,,,,,,,,,,,,,,,,,,,,,,,,,,,,,,,,,,,,,,,,,,,,,,,,,,2025-01-25T14:18:00.114000+00:00,false,0,laurentsnt,
1332713934238646332,,,,,,,,,,,,,,,,,,25fd1285287561dee4d39d9ac6f16e8c,,,,,,0,,0,Xtarsia,188054719481118720,,0,xtarsia,,1332695349705441301,,"I think a max amount of 4 levels should be adequate, rather than a dynamic amount.",2025-01-25T14:09:22.550Z,,,,,,,,,,,,,,,,,0,,,false,,,,,,,,,,,,,,,,,,,,,,,,,,,,,,,,,,,,,,false,5,,,,,,,,,,,,,,,,,,,,,,,,,,,,,,,,,,,,,,,,,,,,,,,,,,,,,,,,,,,,,,,,,,,,,,,,,,,,,,,,,,,,,,,,,,,,,,,,,,,,,,,,,,2025-01-25T14:09:22.550000+00:00,false,0,xtarsia,
1332713511889014874,,,,,,,,,,,,,,,,,,25fd1285287561dee4d39d9ac6f16e8c,,,,,,0,,0,Xtarsia,188054719481118720,,0,xtarsia,,1332695349705441301,,Yes,2025-01-25T14:07:41.854Z,,,,,,,,,,,,,,,,,0,,,false,,,,,,,,,,,,,,,,,,,,,,,,,,,,,,,,,,,,,,false,4,,,,,,,,,,,,,,,,,,,,,,,,,,,,,,,,,,,,,,,,,,,,,,,,,,,,,,,,,,,,,,,,,,,,,,,,,,,,,,,,,,,,,,,,,,,,,,,,,,,,,,,,,,2025-01-25T14:07:41.854000+00:00,false,0,xtarsia,
1332713407257903199,,,,,1,image/png,CleanShot_2025-01-25_at_15.02.272x.png,1650,1332713407102849056,yvcFAgBYiSeXeH8YeHmAhwg=,1,https://media.discordapp.net/attachments/1332695349705441301/1332713407102849056/CleanShot_2025-01-25_at_15.02.272x.png?ex=6965a8d4&is=69645754&hm=f2dd6f76fc5a2a4b976007344b359442693a39c4a1f377a05c88096ca54c769b&,96278,CleanShot 2025-01-25 at 15.02.27@2x,https://cdn.discordapp.com/attachments/1332695349705441301/1332713407102849056/CleanShot_2025-01-25_at_15.02.272x.png?ex=6965a8d4&is=69645754&hm=f2dd6f76fc5a2a4b976007344b359442693a39c4a1f377a05c88096ca54c769b&,436,,17fce6d938d625141e3adcd1e4c4565f,,,,,,0,,0,Laurent,204264549145116672,,0,laurentsnt,,1332695349705441301,,"Do you mean something like this?
Doing all the edits in Terrain3D's UI",2025-01-25T14:07:16.908Z,,,,,,,,,,,,,,,,,0,,,false,,,,,,,,,,,,,,,,,,,,,,,,,,,,,,,,,,,,,,false,3,,,,,,,,,,,,,,,,,,,,,,,,,,,,,,,,,,,,,,,,,,,,,,,,,,,,,,,,,,,,,,,,,,,,,,,,,,,,,,,,,,,,,,,,,,,,,,,,,,,,,,,,,,2025-01-25T14:07:16.908000+00:00,false,0,laurentsnt,
1332712171942973541,,,,,,,,,,,,,,,,,,25fd1285287561dee4d39d9ac6f16e8c,,,,,,0,,0,Xtarsia,188054719481118720,,0,xtarsia,,1332695349705441301,,"LODs for the instancer is a very frequently asked for feature, building a clean UI for setting up LODs is probably harder than implementing the LODs themselves actually.",2025-01-25T14:02:22.386Z,,,,,,,,,,,,,,,,,0,,,false,,,,,,,,,,,,,,,,,,,,,,,,,,,,,,,,,,,,,,false,2,,,,,,,,,,,,,,,,,,,,,,,,,,,,,,,,,,,,,,,,,,,,,,,,,,,,,,,,,,,,,,,,,,,,,,,,,,,,,,,,,,,,,,,,,,,,,,,,,,,,,,,,,,2025-01-25T14:02:22.386000+00:00,false,0,xtarsia,
1332710840457232487,,,,,,,,,,,,,,,,,,25fd1285287561dee4d39d9ac6f16e8c,,,,,,0,,0,Xtarsia,188054719481118720,,0,xtarsia,,1332695349705441301,,"Personally I wouldn't be building a single scene containing all LODs and then trying to decode that into seperate LODs. Rather 1 mesh asset can have LODs added to it, and the mesh for that lod is defined in the mesh asset a long with that LOD visibility ranges.",2025-01-25T13:57:04.935Z,,,,,,,,,,,,,,,,,0,,,false,,,,,,,,,,,,,,,,,,,,,,,,,,,,,,,,,,,,,,false,1,,,,,,,,,,,,,,,,,,,,,,,,,,,,,,,,,,,,,,,,,,,,,,,,,,,,,,,,,,,,,,,,,,,,,,,,,,,,,,,,,,,,,,,,,,,,,,,,,,,,,,,,,,2025-01-25T13:57:04.935000+00:00,false,0,xtarsia,
1332709549093949481,,,,,,,,,,,,,,,,,,17fce6d938d625141e3adcd1e4c4565f,,,,,,0,,0,Laurent,204264549145116672,,0,laurentsnt,,1332695349705441301,,"That feels like a much heavier lift TBH. Getting into cpp, the Terrain3D architecture, toolset, contribution workflows, testing, etc. seems a few order of magnitude more complex than hacking a bunch of gdscript üôÇ

I could give it a shot, and share notes on GH as I go along,

Roughly, how long would it take you or a maintainer familiar with the lib?
Just to get a rough idea of the effort,

Is there a ticket to track this feature? Other than
https://github.com/TokisanGames/Terrain3D/issues/43

From a user perspective, my understanding is the workflow would look like this:
- When I edit a multimesh, I can add a scene that contains a few `LOD#` node3d below the root node.
- If  the scene contains LOD nodes, the config UI list the LODs and the user can edit their visibility ranges,
- At runtime, when spawning a cell or region, the instancer would load the lod configuration, load the scene, then run the /magic to be implemented/.

Is this correct? Am I overcomplicating?
Does it make sense to allow overlaps for visibility ranges, which might be a way to blend between LODs?

From the backend point of view, I only have one naive question for now:

From your comment it sounds like we'd create one MMI per mesh x cell x LOD.
Does this mean memory usage grows linearly with the number of LODs?

Would it be possible / make sense to have one MMI per mesh x cell, and swap out the mesh based on distance? I guess there is already some machinery in Terrain3D to detect events related to a cell's distance.

Is there any tricky interactions to pay attention too, like the loading / unloading of regions?",2025-01-25T13:51:57.050Z,,,,,,,,,,,,,,,,,4,,,false,,,,,,,,,,,,,,,,,,,,,,,,,,,,,,,,,,,,,,false,,,,,,,,,,,,,,,,,,,,,,,,,,,,,,,,,,,,,,,,,,,,,,,,,,,,,,,,,,,,,,,,,,,,,,,,,,,,,,,,,,,,,,,,,,,,,,,,,,,,,,,,,,,2025-01-25T13:51:57.050000+00:00,false,0,laurentsnt,
1332695349705441301,,,,,,,,,,,,,,,,,,7e8c75861a717a11a9fc6ce29d57f23f,,,,,,0,,0,Tokisan Games,455610038350774273,,0,tokisangames,,1130291534802202735,,"> Then using the instancer's and region.instances APIs, duplicate the transforms from the original to the impostors. (using some of my work above).
This work will be wasted and thrown away once we implement LODs in the instancer. Why don't you just implement it for everyone instead? Same work, just redirected towards a better use. Every feature in Terrain3D was written because someone needed it for their project.

> Since there is work on ""smaller MultiMesh grid"", 
The grid has been implemented, which you can see if you enable the instancer grid debug view.

> is there a world where I would have the APIs to list ""far away multimesh cells"" and swap out the cell's mesh for the impostor
No wrong approach. You put the imposter in as the lowest LOD, as well as the other levels in the scene file. Then the instancer creates MMIs for all LODs and sets the visibility ranges on them, then the engine handles LOD switching automatically.",2025-01-25T12:55:31.652Z,2025-01-25T12:55:41.159000+00:00,,,,,,,,,,,,,,,,32,,,false,,,17fce6d938d625141e3adcd1e4c4565f,,,,,,0,,0,Laurent,204264549145116672,,0,laurentsnt,,,,,,,,,,,,,,,,,1130291534802202735,691957978680786944,1332675056257597451,0,,false,,,,,,,,,,,,,,,,17fce6d938d625141e3adcd1e4c4565f,,,,,,0,,0,Laurent,204264549145116672,,0,laurentsnt,1130291534802202735,,"Hi again, continuing my exploration of multimeshes,

One thing I'd like to try is use octahedral impostors for my assets. To render far aways trees for example.

The approach I have in mind:
- Take every Terrain3D multimesh I want to ""impostorize"" and create a new multimesh which contains the impostor
- Then using the instancer's and region.instances APIs, duplicate the transforms from the original to the impostors. (using some of my work above).
(I'm scraping things together)

Two issues I can see with this is:
- I can't set the `visibility_range_begin` in Terrain3D, which I'd need to hide the impostors.
- I'd have to duplicate every instances's coordinates to the impostor multimesh.

I guess I can dig through the objects hierarchy, access the low level multimesh node and set its  `visilibity_range_begin`, would that make sense to get this into the editor's UI?

Since there is work on [""smaller MultiMesh grid""](https://terrain3d.readthedocs.io/en/stable/docs/instancer.html#limited-lod-support), is there a world where I would have the APIs to list ""far away multimesh cells"" and swap out the cell's mesh for the impostor? Is there a rough ETA for the smaller multimesh cells?

Is there anything super hard I'm missing or super stupid I'm doing?",,,0,1332675056257597451,false,,,,,,,,,,,,,,,,,,,,,,,,,,,,,,,,,,,,,false,,2025-01-25T11:34:53.317000+00:00,false,0,,,,,,64000,0,691957978680786944,1332695349705441301,1337108928709918760,3,455610038350774273,188054719481118720,204264549145116672,128,multimesh LODs,204264549145116672,1130291534802202735,0,,2025-03-08T17:21:37.713000+00:00,true,4320,2025-01-25T13:51:55.082000+00:00,false,130,11,0,2025-01-25T12:55:31.652000+00:00,false,19,tokisangames,