id,activity,application,application_id,attachments,attachments.0.content_scan_version,attachments.0.content_type,attachments.0.filename,attachments.0.height,attachments.0.id,attachments.0.placeholder,attachments.0.placeholder_version,attachments.0.proxy_url,attachments.0.size,attachments.0.url,attachments.0.width,author.accent_color,author.avatar,author.avatar_decoration_data,author.banner,author.banner_color,author.clan,author.collectibles,author.discriminator,author.display_name_styles,author.flags,author.global_name,author.id,author.primary_guild,author.public_flags,author.username,call,channel_id,components,content,date,edited_timestamp,embeds,embeds.0.content_scan_version,embeds.0.description,embeds.0.thumbnail.content_type,embeds.0.thumbnail.flags,embeds.0.thumbnail.height,embeds.0.thumbnail.placeholder,embeds.0.thumbnail.placeholder_version,embeds.0.thumbnail.proxy_url,embeds.0.thumbnail.url,embeds.0.thumbnail.width,embeds.0.title,embeds.0.type,embeds.0.url,flags,interaction,mention_channels,mention_everyone,mentions,mentions.0.accent_color,mentions.0.avatar,mentions.0.avatar_decoration_data,mentions.0.banner,mentions.0.banner_color,mentions.0.clan,mentions.0.collectibles,mentions.0.discriminator,mentions.0.display_name_styles,mentions.0.flags,mentions.0.global_name,mentions.0.id,mentions.0.primary_guild,mentions.0.public_flags,mentions.0.username,message_reference,message_reference.channel_id,message_reference.guild_id,message_reference.message_id,message_reference.type,nonce,pinned,position,reactions,reactions.0.burst_colors,reactions.0.burst_count,reactions.0.burst_me,reactions.0.count,reactions.0.count_details.burst,reactions.0.count_details.normal,reactions.0.emoji.id,reactions.0.emoji.name,reactions.0.me,reactions.0.me_burst,referenced_message,referenced_message.attachments,referenced_message.attachments.0.content_scan_version,referenced_message.attachments.0.content_type,referenced_message.attachments.0.filename,referenced_message.attachments.0.height,referenced_message.attachments.0.id,referenced_message.attachments.0.placeholder,referenced_message.attachments.0.placeholder_version,referenced_message.attachments.0.proxy_url,referenced_message.attachments.0.size,referenced_message.attachments.0.url,referenced_message.attachments.0.width,referenced_message.author.accent_color,referenced_message.author.avatar,referenced_message.author.avatar_decoration_data,referenced_message.author.banner,referenced_message.author.banner_color,referenced_message.author.clan,referenced_message.author.collectibles,referenced_message.author.discriminator,referenced_message.author.display_name_styles,referenced_message.author.flags,referenced_message.author.global_name,referenced_message.author.id,referenced_message.author.primary_guild,referenced_message.author.public_flags,referenced_message.author.username,referenced_message.channel_id,referenced_message.components,referenced_message.content,referenced_message.edited_timestamp,referenced_message.embeds,referenced_message.flags,referenced_message.id,referenced_message.mention_everyone,referenced_message.mention_roles,referenced_message.mentions,referenced_message.mentions.0.accent_color,referenced_message.mentions.0.avatar,referenced_message.mentions.0.avatar_decoration_data,referenced_message.mentions.0.banner,referenced_message.mentions.0.banner_color,referenced_message.mentions.0.clan,referenced_message.mentions.0.collectibles,referenced_message.mentions.0.discriminator,referenced_message.mentions.0.display_name_styles,referenced_message.mentions.0.flags,referenced_message.mentions.0.global_name,referenced_message.mentions.0.id,referenced_message.mentions.0.primary_guild,referenced_message.mentions.0.public_flags,referenced_message.mentions.0.username,referenced_message.message_reference.channel_id,referenced_message.message_reference.guild_id,referenced_message.message_reference.message_id,referenced_message.message_reference.type,referenced_message.pinned,referenced_message.position,referenced_message.timestamp,referenced_message.tts,referenced_message.type,resolved,role_subscription_data,sticker_items,stickers,thread,thread.bitrate,thread.flags,thread.guild_id,thread.id,thread.last_message_id,thread.member_count,thread.member_ids_preview.0,thread.member_ids_preview.1,thread.message_count,thread.name,thread.owner_id,thread.parent_id,thread.rate_limit_per_user,thread.rtc_region,thread.thread_metadata.archive_timestamp,thread.thread_metadata.archived,thread.thread_metadata.auto_archive_duration,thread.thread_metadata.create_timestamp,thread.thread_metadata.locked,thread.total_message_sent,thread.type,thread.user_limit,timestamp,tts,type,userName,webhook_id
1237990944624869478,,,,,,,,,,,,,,,,,2fe8be815dc3f45b5cb22279cd52fdfd,,,,,,0,,0,notarealmoo,656978179290038275,,0,notarealmoo,,1237472165494788251,,if it helps - im picking through https://catlikecoding.com/unity/tutorials/advanced-rendering/triplanar-mapping/ chapter 2,2024-05-09T04:54:01.958Z,,,1,A Unity Advanced Rendering rendering tutorial about triplanar texture mapping.,image/jpeg,0,512,F9gBDIKWbNePWKeJhXqmhH/3xw==,1,https://images-ext-1.discordapp.net/external/_-nbiFy8SsPZR8aGddIaWIS6CEr0DkXLsDZk6K2I8pc/https/catlikecoding.com/unity/tutorials/advanced-rendering/triplanar-mapping/tutorial-image.jpg,https://catlikecoding.com/unity/tutorials/advanced-rendering/triplanar-mapping/tutorial-image.jpg,1024,Triplanar Mapping,article,https://catlikecoding.com/unity/tutorials/advanced-rendering/triplanar-mapping/,0,,,false,,,,,,,,,,,,,,,,,,,,,,,false,43,,,,,,,,,,,,,,,,,,,,,,,,,,,,,,,,,,,,,,,,,,,,,,,,,,,,,,,,,,,,,,,,,,,,,,,,,,,,,,,,,,,,,,,,,,,,,,,,,,,,,2024-05-09T04:54:01.958000+00:00,false,0,notarealmoo,
1237983233233387610,,,,,,,,,,,,,,,,,2fe8be815dc3f45b5cb22279cd52fdfd,,,,,,0,,0,notarealmoo,656978179290038275,,0,notarealmoo,,1237472165494788251,,(ignore the missing z),2024-05-09T04:23:23.419Z,,,,,,,,,,,,,,,,0,,,false,,,,,,,,,,,,,,,,,,,,,,,false,42,,,,,,,,,,,,,,,,,,,,,,,,,,,,,,,,,,,,,,,,,,,,,,,,,,,,,,,,,,,,,,,,,,,,,,,,,,,,,,,,,,,,,,,,,,,,,,,,,,,,,2024-05-09T04:23:23.419000+00:00,false,0,notarealmoo,
1237982935282614314,,,,,1,image/png,image.png,64,1237982935521431604,zwcGCYJ3d3h+iAd3iY+F+Eg=,1,https://media.discordapp.net/attachments/1237472165494788251/1237982935521431604/image.png?ex=6965c874&is=696476f4&hm=ee1cc3a21f11c2376443735681094211cf1290c4f2610bad5f163de9fda61eab&,17403,https://cdn.discordapp.com/attachments/1237472165494788251/1237982935521431604/image.png?ex=6965c874&is=696476f4&hm=ee1cc3a21f11c2376443735681094211cf1290c4f2610bad5f163de9fda61eab&,845,,2fe8be815dc3f45b5cb22279cd52fdfd,,,,,,0,,0,notarealmoo,656978179290038275,,0,notarealmoo,,1237472165494788251,,Doesn't like the vec4,2024-05-09T04:22:12.382Z,,,,,,,,,,,,,,,,0,,,false,,,,,,,,,,,,,,,,,,,,,,,false,41,,,,,,,,,,,,,,,,,,,,,,,,,,,,,,,,,,,,,,,,,,,,,,,,,,,,,,,,,,,,,,,,,,,,,,,,,,,,,,,,,,,,,,,,,,,,,,,,,,,,,2024-05-09T04:22:12.382000+00:00,false,0,notarealmoo,
1237982522684735599,,,,,,,,,,,,,,,,,2fe8be815dc3f45b5cb22279cd52fdfd,,,,,,0,,0,notarealmoo,656978179290038275,,0,notarealmoo,,1237472165494788251,,I think my current issue is that I can't access the _texturearray while also wanting to apply a Triplanar xyz modification,2024-05-09T04:20:34.011Z,2024-05-09T05:18:34.903000+00:00,,,,,,,,,,,,,,,0,,,false,,,,,,,,,,,,,,,,,,,,,,,false,40,,,,,,,,,,,,,,,,,,,,,,,,,,,,,,,,,,,,,,,,,,,,,,,,,,,,,,,,,,,,,,,,,,,,,,,,,,,,,,,,,,,,,,,,,,,,,,,,,,,,,2024-05-09T04:20:34.011000+00:00,false,0,notarealmoo,
1237981686591914025,,,,,,,,,,,,,,,,,2fe8be815dc3f45b5cb22279cd52fdfd,,,,,,0,,0,notarealmoo,656978179290038275,,0,notarealmoo,,1237472165494788251,,"I'm learning. I've gotten 4 blends working on a procedural terrain using the heights, plus a slope 5th texture. I'm onto Triplanar now, but I'm stuck with trying to translate the sampler2Darray and applying the translation for both the texture and normal",2024-05-09T04:17:14.671Z,2024-05-09T05:18:38.199000+00:00,,,,,,,,,,,,,,,0,,,false,,,,,,,,,,,,,,,,,,,,,,,false,39,,,,,,,,,,,,,,,,,,,,,,,,,,,,,,,,,,,,,,,,,,,,,,,,,,,,,,,,,,,,,,,,,,,,,,,,,,,,,,,,,,,,,,,,,,,,,,,,,,,,,2024-05-09T04:17:14.671000+00:00,false,0,notarealmoo,
1237978193005121646,,,,,,,,,,,,,,,,,7e8c75861a717a11a9fc6ce29d57f23f,,,,,,0,,0,Tokisan Games,455610038350774273,,0,tokisangames,,1237472165494788251,,"One more note, you should be using a nightly build and learning from the latest shader. There have been significant changes to everything.",2024-05-09T04:03:21.735Z,,,,,,,,,,,,,,,,0,,,false,,,,,,,,,,,,,,,,,,,,,,,false,38,,,,,,,,,,,,,,,,,,,,,,,,,,,,,,,,,,,,,,,,,,,,,,,,,,,,,,,,,,,,,,,,,,,,,,,,,,,,,,,,,,,,,,,,,,,,,,,,,,,,,2024-05-09T04:03:21.735000+00:00,false,0,tokisangames,
1237977697326469203,,,,,,,,,,,,,,,,,7e8c75861a717a11a9fc6ce29d57f23f,,,,,,0,,0,Tokisan Games,455610038350774273,,0,tokisangames,,1237472165494788251,,"It also automatically handles lods, as it's built into the nature of a clipmap terrain. We have a little pop in, until we implement one of a variety of solutions. I don't know how mterrain works, so can't speak to its design.",2024-05-09T04:01:23.556Z,,,,,,,,,,,,,,,,0,,,false,,,,,,,,,,,,,,,,,,,,,,,false,37,,,,,,,,,,,,,,,,,,,,,,,,,,,,,,,,,,,,,,,,,,,,,,,,,,,,,,,,,,,,,,,,,,,,,,,,,,,,,,,,,,,,,,,,,,,,,,,,,,,,,2024-05-09T04:01:23.556000+00:00,false,0,tokisangames,
1237977369051009136,,,,,,,,,,,,,,,,,7e8c75861a717a11a9fc6ce29d57f23f,,,,,,0,,0,Tokisan Games,455610038350774273,,0,tokisangames,,1237472165494788251,,"The GPU already handles variable texture resolution by distance by using mipmaps. We're changing scale to get maximum use of one most commonly used texture, rock on mountains. Without dual scaling, the texture is useless far away.",2024-05-09T04:00:05.289Z,,,,,,,,,,,,,,,,0,,,false,,,,,,,,,,,,,,,,,,,,,,,false,36,,,,,,,,,,,,,,,,,,,,,,,,,,,,,,,,,,,,,,,,,,,,,,,,,,,,,,,,,,,,,,,,,,,,,,,,,,,,,,,,,,,,,,,,,,,,,,,,,,,,,2024-05-09T04:00:05.289000+00:00,false,0,tokisangames,
1237976559298674760,,,,,,,,,,,,,,,,,7e8c75861a717a11a9fc6ce29d57f23f,,,,,,0,,0,Tokisan Games,455610038350774273,,0,tokisangames,,1237472165494788251,,"Yeah, it seems like you're reinventing the wheel. That's great if you want to learn and understand the shader. But so far you're running into challenges that have already been solved.",2024-05-09T03:56:52.229Z,,,,,,,,,,,,,,,,0,,,false,,,,,,,,,,,,,,,,,,,,,,,false,35,,,,,,,,,,,,,,,,,,,,,,,,,,,,,,,,,,,,,,,,,,,,,,,,,,,,,,,,,,,,,,,,,,,,,,,,,,,,,,,,,,,,,,,,,,,,,,,,,,,,,2024-05-09T03:56:52.229000+00:00,false,0,tokisangames,
1237893615745761310,,,,,,,,,,,,,,,,,25fd1285287561dee4d39d9ac6f16e8c,,,,,,0,,0,Xtarsia,188054719481118720,,0,xtarsia,,1237472165494788251,,i would look at how the dual scaling is implemented,2024-05-08T22:27:16.945Z,,,,,,,,,,,,,,,,0,,,false,,,,,,,,,,,,,,,,,,,,,,,false,34,,,,,,,,,,,,,,,,,,,,,,,,,,,,,,,,,,,,,,,,,,,,,,,,,,,,,,,,,,,,,,,,,,,,,,,,,,,,,,,,,,,,,,,,,,,,,,,,,,,,,2024-05-08T22:27:16.945000+00:00,false,0,xtarsia,
1237893039033417770,,,,,,,,,,,,,,,,,2fe8be815dc3f45b5cb22279cd52fdfd,,,,,,0,,0,notarealmoo,656978179290038275,,0,notarealmoo,,1237472165494788251,,"Actually, I'm giving this a live play and the morphing on 'flatish' terrain is not noticable",2024-05-08T22:24:59.446Z,2024-05-08T22:25:07.714000+00:00,,,,,,,,,,,,,,,0,,,false,,,,,,,,,,,,,,,,,,,,,,,false,33,,,,,,,,,,,,,,,,,,,,,,,,,,,,,,,,,,,,,,,,,,,,,,,,,,,,,,,,,,,,,,,,,,,,,,,,,,,,,,,,,,,,,,,,,,,,,,,,,,,,,2024-05-08T22:24:59.446000+00:00,false,0,notarealmoo,
1237892548694118420,,,,,,,,,,,,,,,,,2fe8be815dc3f45b5cb22279cd52fdfd,,,,,,0,,0,notarealmoo,656978179290038275,,0,notarealmoo,,1237472165494788251,,"I quickly looked at the mterrain 10K terrain video and I see there's texture pop in (and LOD adjustment of the terrain).

In your opinion, is it preferred to have texture resolution pop-in, compared to changing texture scaling?",2024-05-08T22:23:02.540Z,,,,,,,,,,,,,,,,0,,,false,,,,,,,,,,,,,,,,,,,,,,,false,32,,,,,,,,,,,,,,,,,,,,,,,,,,,,,,,,,,,,,,,,,,,,,,,,,,,,,,,,,,,,,,,,,,,,,,,,,,,,,,,,,,,,,,,,,,,,,,,,,,,,,2024-05-08T22:23:02.540000+00:00,false,0,notarealmoo,
1237891173343957042,,,,,,,,,,,,,,,,,2fe8be815dc3f45b5cb22279cd52fdfd,,,,,,0,,0,notarealmoo,656978179290038275,,0,notarealmoo,,1237472165494788251,,"Ahh it's working! When I'm moving, it's like a morph effect at the various blend zones.",2024-05-08T22:17:34.631Z,,,,,,,,,,,,,,,,0,,,false,,,,,,,,,,,,,,,,,,,,,,,false,31,,,,,,,,,,,,,,,,,,,,,,,,,,,,,,,,,,,,,,,,,,,,,,,,,,,,,,,,,,,,,,,,,,,,,,,,,,,,,,,,,,,,,,,,,,,,,,,,,,,,,2024-05-08T22:17:34.631000+00:00,false,0,notarealmoo,
1237890092182274108,,,,,,,,,,,,,,,,,2fe8be815dc3f45b5cb22279cd52fdfd,,,,,,0,,0,notarealmoo,656978179290038275,,0,notarealmoo,,1237472165494788251,,"Oh, I found later on I was multiplying my distanceFactor into the uv. I added it and the squirls went away.

><",2024-05-08T22:13:16.862Z,,,,,,,,,,,,,,,,0,,,false,,,,,,,,,,,,,,,,,,,,,,,false,30,,,,,,,,,,,,,,,,,,,,,,,,,,,,,,,,,,,,,,,,,,,,,,,,,,,,,,,,,,,,,,,,,,,,,,,,,,,,,,,,,,,,,,,,,,,,,,,,,,,,,2024-05-08T22:13:16.862000+00:00,false,0,notarealmoo,
1237888782926352436,,,,,,,,,,,,,,,,,25fd1285287561dee4d39d9ac6f16e8c,,,,,,0,,0,Xtarsia,188054719481118720,,0,xtarsia,,1237472165494788251,,"yeah trying to blend UV directly will cause that, have to use multiple texture samples and then mix between them",2024-05-08T22:08:04.711Z,,,,,,,,,,,,,,,,0,,,false,,,,,,,,,,,,,,,,,,,,,,,false,29,,,,,,,,,,,,,,,,,,,,,,,,,,,,,,,,,,,,,,,,,,,,,,,,,,,,,,,,,,,,,,,,,,,,,,,,,,,,,,,,,,,,,,,,,,,,,,,,,,,,,2024-05-08T22:08:04.711000+00:00,false,0,xtarsia,
1237888012814389329,,,,,1,image/png,image.png,673,1237888012516462632,EAgGC4Lxloi2hkhdxKwAWwg=,1,https://media.discordapp.net/attachments/1237472165494788251/1237888012516462632/image.png?ex=6965700d&is=69641e8d&hm=bf24f4070356760b579ab009560b8f892f7dd26c48bd1f279bc7821c87778c2b&,1344379,https://cdn.discordapp.com/attachments/1237472165494788251/1237888012516462632/image.png?ex=6965700d&is=69641e8d&hm=bf24f4070356760b579ab009560b8f892f7dd26c48bd1f279bc7821c87778c2b&,1347,,2fe8be815dc3f45b5cb22279cd52fdfd,,,,,,0,,0,notarealmoo,656978179290038275,,0,notarealmoo,,1237472165494788251,,"Well, I have a blend of some form implemented but it's all squirrelly. My close / mid range textures are clear. It's the ""blend zone"" that has the issue",2024-05-08T22:05:01.102Z,,,,,,,,,,,,,,,,0,,,false,,,,,,,,,,,,,,,,,,,,,,,false,28,,,,,,,,,,,,,,,,,,,,,,,,,,,,,,,,,,,,,,,,,,,,,,,,,,,,,,,,,,,,,,,,,,,,,,,,,,,,,,,,,,,,,,,,,,,,,,,,,,,,,2024-05-08T22:05:01.102000+00:00,false,0,notarealmoo,
1237886457956536452,,,,,,,,,,,,,,,,,2fe8be815dc3f45b5cb22279cd52fdfd,,,,,,0,,0,notarealmoo,656978179290038275,,0,notarealmoo,,1237472165494788251,,"Oh, I must of not realized.",2024-05-08T21:58:50.395Z,,,,,,,,,,,,,,,,0,,,false,,,,,,,,,,,,,,,,,,,,,,,false,27,,,,,,,,,,,,,,,,,,,,,,,,,,,,,,,,,,,,,,,,,,,,,,,,,,,,,,,,,,,,,,,,,,,,,,,,,,,,,,,,,,,,,,,,,,,,,,,,,,,,,2024-05-08T21:58:50.395000+00:00,false,0,notarealmoo,
1237886345209184336,,,,,,,,,,,,,,,,,25fd1285287561dee4d39d9ac6f16e8c,,,,,,0,,0,Xtarsia,188054719481118720,,0,xtarsia,,1237472165494788251,,its the distance in m from that vertex to the camera,2024-05-08T21:58:23.514Z,,,,,,,,,,,,,,,,0,,,false,,,,,,,,,,,,,,,,,,,,,,,false,26,,,,,,,,,,,,,,,,,,,,,,,,,,,,,,,,,,,,,,,,,,,,,,,,,,,,,,,,,,,,,,,,,,,,,,,,,,,,,,,,,,,,,,,,,,,,,,,,,,,,,2024-05-08T21:58:23.514000+00:00,false,0,xtarsia,
1237886140564901928,,,,,,,,,,,,,,,,,2fe8be815dc3f45b5cb22279cd52fdfd,,,,,,0,,0,notarealmoo,656978179290038275,,0,notarealmoo,,1237472165494788251,,"I do see this in the original vertex shader: v_camera_pos = INV_VIEW_MATRIX[3].xyz;

As well later in the vertex shader: v_vertex_dist = length(v_vertex - v_camera_pos);

I was trying to use v_vertex_dist but I must not understand it's value range",2024-05-08T21:57:34.723Z,,,,,,,,,,,,,,,,0,,,false,,,,,,,,,,,,,,,,,,,,,,,false,25,,,,,,,,,,,,,,,,,,,,,,,,,,,,,,,,,,,,,,,,,,,,,,,,,,,,,,,,,,,,,,,,,,,,,,,,,,,,,,,,,,,,,,,,,,,,,,,,,,,,,2024-05-08T21:57:34.723000+00:00,false,0,notarealmoo,
1237885685915193456,,,,,,,,,,,,,,,,,2fe8be815dc3f45b5cb22279cd52fdfd,,,,,,0,,0,notarealmoo,656978179290038275,,0,notarealmoo,,1237472165494788251,,"Cool. I'm focusing on a distance scale implementation at the moment now. My new question is how to calculate the distance/length from the camera to the vertex, relative to world coordinates (ie: meters).

I plan to use that value to blend the overlap say: [0-32m, scale of 2.0] and [16-64m, scale of 1.0]",2024-05-08T21:55:46.326Z,,,,,,,,,,,,,,,,0,,,false,,,,,,,,,,,,,,,,,,,,,,,false,24,,,,,,,,,,,,,,,,,,,,,,,,,,,,,,,,,,,,,,,,,,,,,,,,,,,,,,,,,,,,,,,,,,,,,,,,,,,,,,,,,,,,,,,,,,,,,,,,,,,,,2024-05-08T21:55:46.326000+00:00,false,0,notarealmoo,
1237681136323530752,,,,,,,,,,,,,,,,,7e8c75861a717a11a9fc6ce29d57f23f,,,,,,0,,0,Tokisan Games,455610038350774273,,0,tokisangames,,1237472165494788251,,"The region boundary line is from issue [#185](https://github.com/TokisanGames/Terrain3D/issues/185), solved in PR [#353](https://github.com/TokisanGames/Terrain3D/pull/353). The 45 degree angle is an issue in your shader, not present in the default.",2024-05-08T08:22:57.903Z,,,,,,,,,,,,,,,,4,,,false,,,2fe8be815dc3f45b5cb22279cd52fdfd,,,,,,0,,0,notarealmoo,656978179290038275,,0,notarealmoo,,1237472165494788251,691957978680786944,1237674178165866517,0,,false,23,,,,,,,,,,,,,,1,image/png,image.png,479,1237674177779994634,WggOGoSPdoiWd5hmg0CYCJY=,1,https://media.discordapp.net/attachments/1237472165494788251/1237674177779994634/image.png?ex=696551a6&is=69640026&hm=402d29ba33c3585613dca727ed65aa9ed04716b69dda2bfc140d96fbe4fa07b5&,1281699,https://cdn.discordapp.com/attachments/1237472165494788251/1237674177779994634/image.png?ex=696551a6&is=69640026&hm=402d29ba33c3585613dca727ed65aa9ed04716b69dda2bfc140d96fbe4fa07b5&,1854,,2fe8be815dc3f45b5cb22279cd52fdfd,,,,,,0,,0,notarealmoo,656978179290038275,,0,notarealmoo,1237472165494788251,,,,,0,1237674178165866517,false,,,,,,,,,,,,,,,,,,,,,,false,19,2024-05-08T07:55:18.949000+00:00,false,0,,,,,,,,,,,,,,,,,,,,,,,,,,,,2024-05-08T08:22:57.903000+00:00,false,19,tokisangames,
1237677982995320832,,,,,,,,,,,,,,,,,25fd1285287561dee4d39d9ac6f16e8c,,,,,,0,,0,Xtarsia,188054719481118720,,0,xtarsia,,1237472165494788251,,"given that you're writing a custom shader, when issues like that come up that aren't present in the generated shader you'd have to look at what you are doing vs the generated implementation.",2024-05-08T08:10:26.091Z,,,,,,,,,,,,,,,,0,,,false,,,,,,,,,,,,,,,,,,,,,,,false,22,,,,,,,,,,,,,,,,,,,,,,,,,,,,,,,,,,,,,,,,,,,,,,,,,,,,,,,,,,,,,,,,,,,,,,,,,,,,,,,,,,,,,,,,,,,,,,,,,,,,,2024-05-08T08:10:26.091000+00:00,false,0,xtarsia,
1237674942179315764,,,,,1,image/png,image.png,616,1237674942103945226,4xgOEoJ3eIiAd/eIZ4909Fg=,1,https://media.discordapp.net/attachments/1237472165494788251/1237674942103945226/image.png?ex=6965525d&is=696400dd&hm=dd829f49f4c7a3e05c1aac66d6334bfc7e5165bbd54f17dac1d7f8affa9bb0d8&,1176724,https://cdn.discordapp.com/attachments/1237472165494788251/1237674942103945226/image.png?ex=6965525d&is=696400dd&hm=dd829f49f4c7a3e05c1aac66d6334bfc7e5165bbd54f17dac1d7f8affa9bb0d8&,1735,,2fe8be815dc3f45b5cb22279cd52fdfd,,,,,,0,,0,notarealmoo,656978179290038275,,0,notarealmoo,,1237472165494788251,,,2024-05-08T07:58:21.104Z,,,,,,,,,,,,,,,,0,,,false,,,,,,,,,,,,,,,,,,,,,,,false,21,,,,,,,,,,,,,,,,,,,,,,,,,,,,,,,,,,,,,,,,,,,,,,,,,,,,,,,,,,,,,,,,,,,,,,,,,,,,,,,,,,,,,,,,,,,,,,,,,,,,,2024-05-08T07:58:21.104000+00:00,false,0,notarealmoo,
1237674359108145232,,,,,,,,,,,,,,,,,2fe8be815dc3f45b5cb22279cd52fdfd,,,,,,0,,0,notarealmoo,656978179290038275,,0,notarealmoo,,1237472165494788251,,"It ALSO occurs to a degree on a 45 diagonal, sort of like a LOD is cutting through",2024-05-08T07:56:02.089Z,,,,,,,,,,,,,,,,0,,,false,,,,,,,,,,,,,,,,,,,,,,,false,20,,,,,,,,,,,,,,,,,,,,,,,,,,,,,,,,,,,,,,,,,,,,,,,,,,,,,,,,,,,,,,,,,,,,,,,,,,,,,,,,,,,,,,,,,,,,,,,,,,,,,2024-05-08T07:56:02.089000+00:00,false,0,notarealmoo,
1237674178165866517,,,,,1,image/png,image.png,479,1237674177779994634,WggOGoSPdoiWd5hmg0CYCJY=,1,https://media.discordapp.net/attachments/1237472165494788251/1237674177779994634/image.png?ex=696551a6&is=69640026&hm=402d29ba33c3585613dca727ed65aa9ed04716b69dda2bfc140d96fbe4fa07b5&,1281699,https://cdn.discordapp.com/attachments/1237472165494788251/1237674177779994634/image.png?ex=696551a6&is=69640026&hm=402d29ba33c3585613dca727ed65aa9ed04716b69dda2bfc140d96fbe4fa07b5&,1854,,2fe8be815dc3f45b5cb22279cd52fdfd,,,,,,0,,0,notarealmoo,656978179290038275,,0,notarealmoo,,1237472165494788251,,,2024-05-08T07:55:18.949Z,,,,,,,,,,,,,,,,0,,,false,,,,,,,,,,,,,,,,,,,,,,,false,19,,,,,,,,,,,,,,,,,,,,,,,,,,,,,,,,,,,,,,,,,,,,,,,,,,,,,,,,,,,,,,,,,,,,,,,,,,,,,,,,,,,,,,,,,,,,,,,,,,,,,2024-05-08T07:55:18.949000+00:00,false,0,notarealmoo,
1237674171006320721,,,,,,,,,,,,,,,,,2fe8be815dc3f45b5cb22279cd52fdfd,,,,,,0,,0,notarealmoo,656978179290038275,,0,notarealmoo,,1237472165494788251,,Hi. Made a ton of progress! I do have a weird texture line bordering regions. Is there a sort of pixel blend going on?,2024-05-08T07:55:17.242Z,,,,,,,,,,,,,,,,0,,,false,,,,,,,,,,,,,,,,,,,,,,,false,18,,,,,,,,,,,,,,,,,,,,,,,,,,,,,,,,,,,,,,,,,,,,,,,,,,,,,,,,,,,,,,,,,,,,,,,,,,,,,,,,,,,,,,,,,,,,,,,,,,,,,2024-05-08T07:55:17.242000+00:00,false,0,notarealmoo,
1237511692611620864,,,,,1,image/png,image.png,603,1237511692317884527,1OgJHoJ8iHivdnh6dbh5uImJYGMJkfg=,1,https://media.discordapp.net/attachments/1237472165494788251/1237511692317884527/image.png?ex=69656313&is=69641193&hm=b9dca5de1ed4642cdaf2eb31ed3c813a01425c4e1cc8c1829d724be829d6cf2e&,678888,https://cdn.discordapp.com/attachments/1237472165494788251/1237511692317884527/image.png?ex=69656313&is=69641193&hm=b9dca5de1ed4642cdaf2eb31ed3c813a01425c4e1cc8c1829d724be829d6cf2e&,717,,2fe8be815dc3f45b5cb22279cd52fdfd,,,,,,0,,0,notarealmoo,656978179290038275,,0,notarealmoo,,1237472165494788251,,thanks got that one. Overall I'm successful. just some tiling issues and tweaking to actually do a rock face,2024-05-07T21:09:39.374Z,,,,,,,,,,,,,,,,0,,,false,,,,,,,,,,,,,,,,,,,,,,,false,17,,,,,,,,,,,,,,,,,,,,,,,,,,,,,,,,,,,,,,,,,,,,,,,,,,,,,,,,,,,,,,,,,,,,,,,,,,,,,,,,,,,,,,,,,,,,,,,,,,,,,2024-05-07T21:09:39.374000+00:00,false,0,notarealmoo,
1237502267578646679,,,,,,,,,,,,,,,,,7e8c75861a717a11a9fc6ce29d57f23f,,,,,,0,,0,Tokisan Games,455610038350774273,,0,tokisangames,,1237472165494788251,,Good. 0.0 is already float. Use float when converting an int.,2024-05-07T20:32:12.271Z,,,,,,,,,,,,,,,,0,,,false,,,2fe8be815dc3f45b5cb22279cd52fdfd,,,,,,0,,0,notarealmoo,656978179290038275,,0,notarealmoo,,1237472165494788251,691957978680786944,1237492481160118303,0,,false,16,,,,,,,,,,,,,,1,image/png,image.png,776,1237492480904134768,T/gFHwCpmIifi3iKeYiHd3d3abYHBVkK,1,https://media.discordapp.net/attachments/1237472165494788251/1237492480904134768/image.png?ex=6965512e&is=6963ffae&hm=bd0076edaf0a0d7ba243d18e7c5240edc68fd79e1fd154d85a45fe945aa512e7&,670751,https://cdn.discordapp.com/attachments/1237472165494788251/1237492480904134768/image.png?ex=6965512e&is=6963ffae&hm=bd0076edaf0a0d7ba243d18e7c5240edc68fd79e1fd154d85a45fe945aa512e7&,754,,2fe8be815dc3f45b5cb22279cd52fdfd,,,,,,0,,0,notarealmoo,656978179290038275,,0,notarealmoo,1237472165494788251,,Thanks. I got two textures on slopes working in a fundamental sense,,,0,1237492481160118303,false,,,,,,,,,,,,,,,,,,,,,,false,15,2024-05-07T19:53:19.007000+00:00,false,0,,,,,,,,,,,,,,,,,,,,,,,,,,,,2024-05-07T20:32:12.271000+00:00,false,19,tokisangames,
1237492481160118303,,,,,1,image/png,image.png,776,1237492480904134768,T/gFHwCpmIifi3iKeYiHd3d3abYHBVkK,1,https://media.discordapp.net/attachments/1237472165494788251/1237492480904134768/image.png?ex=6965512e&is=6963ffae&hm=bd0076edaf0a0d7ba243d18e7c5240edc68fd79e1fd154d85a45fe945aa512e7&,670751,https://cdn.discordapp.com/attachments/1237472165494788251/1237492480904134768/image.png?ex=6965512e&is=6963ffae&hm=bd0076edaf0a0d7ba243d18e7c5240edc68fd79e1fd154d85a45fe945aa512e7&,754,,2fe8be815dc3f45b5cb22279cd52fdfd,,,,,,0,,0,notarealmoo,656978179290038275,,0,notarealmoo,,1237472165494788251,,Thanks. I got two textures on slopes working in a fundamental sense,2024-05-07T19:53:19.007Z,,,,,,,,,,,,,,,,0,,,false,,,,,,,,,,,,,,,,,,,,,,,false,15,,,,,,,,,,,,,,,,,,,,,,,,,,,,,,,,,,,,,,,,,,,,,,,,,,,,,,,,,,,,,,,,,,,,,,,,,,,,,,,,,,,,,,,,,,,,,,,,,,,,,2024-05-07T19:53:19.007000+00:00,false,0,notarealmoo,
1237488902022107301,,,,,,,,,,,,,,,,,7e8c75861a717a11a9fc6ce29d57f23f,,,,,,0,,0,Tokisan Games,455610038350774273,,0,tokisangames,,1237472165494788251,,Get_material() shows you how to lookup textures in the arrays. Follow the examples already there.,2024-05-07T19:39:05.674Z,2024-05-07T19:39:29.244000+00:00,,,,,,,,,,,,,,,0,,,false,,,2fe8be815dc3f45b5cb22279cd52fdfd,,,,,,0,,0,notarealmoo,656978179290038275,,0,notarealmoo,,1237472165494788251,691957978680786944,1237486038235218012,0,,false,14,,,0,false,1,0,1,,â˜ï¸,false,false,,,1,image/png,image.png,98,1237486037996011671,0RcCEYQIdmRGZZd3Z2979tY=,1,https://media.discordapp.net/attachments/1237472165494788251/1237486037996011671/image.png?ex=69654b2e&is=6963f9ae&hm=daae7e15cbb9f2218872374378c896f9b2b6efed5990d711a45963958bca9d9f&,18916,https://cdn.discordapp.com/attachments/1237472165494788251/1237486037996011671/image.png?ex=69654b2e&is=6963f9ae&hm=daae7e15cbb9f2218872374378c896f9b2b6efed5990d711a45963958bca9d9f&,788,,2fe8be815dc3f45b5cb22279cd52fdfd,,,,,,0,,0,notarealmoo,656978179290038275,,0,notarealmoo,1237472165494788251,,little problem ðŸ™‚,,,0,1237486038235218012,false,,,,25fd1285287561dee4d39d9ac6f16e8c,,,,,,0,,0,Xtarsia,188054719481118720,,0,xtarsia,1237472165494788251,691957978680786944,1237479333933744160,0,false,12,2024-05-07T19:27:42.894000+00:00,false,19,,,,,,,,,,,,,,,,,,,,,,,,,,,,2024-05-07T19:39:05.674000+00:00,false,19,tokisangames,
1237488521019789342,,,,,,,,,,,,,,,,,25fd1285287561dee4d39d9ac6f16e8c,,,,,,0,,0,Xtarsia,188054719481118720,,0,xtarsia,,1237472165494788251,,ah oops,2024-05-07T19:37:34.836Z,,,,,,,,,,,,,,,,0,,,false,,,,,,,,,,,,,,,,,,,,,,,false,13,,,,,,,,,,,,,,,,,,,,,,,,,,,,,,,,,,,,,,,,,,,,,,,,,,,,,,,,,,,,,,,,,,,,,,,,,,,,,,,,,,,,,,,,,,,,,,,,,,,,,2024-05-07T19:37:34.836000+00:00,false,0,xtarsia,
1237486038235218012,,,,,1,image/png,image.png,98,1237486037996011671,0RcCEYQIdmRGZZd3Z2979tY=,1,https://media.discordapp.net/attachments/1237472165494788251/1237486037996011671/image.png?ex=69654b2e&is=6963f9ae&hm=daae7e15cbb9f2218872374378c896f9b2b6efed5990d711a45963958bca9d9f&,18916,https://cdn.discordapp.com/attachments/1237472165494788251/1237486037996011671/image.png?ex=69654b2e&is=6963f9ae&hm=daae7e15cbb9f2218872374378c896f9b2b6efed5990d711a45963958bca9d9f&,788,,2fe8be815dc3f45b5cb22279cd52fdfd,,,,,,0,,0,notarealmoo,656978179290038275,,0,notarealmoo,,1237472165494788251,,little problem ðŸ™‚,2024-05-07T19:27:42.894Z,,,,,,,,,,,,,,,,0,,,false,,,25fd1285287561dee4d39d9ac6f16e8c,,,,,,0,,0,Xtarsia,188054719481118720,,0,xtarsia,,1237472165494788251,691957978680786944,1237479333933744160,0,,false,12,,,,,,,,,,,,,,,,,,,,,,,,,,25fd1285287561dee4d39d9ac6f16e8c,,,,,,0,,0,Xtarsia,188054719481118720,,0,xtarsia,1237472165494788251,,"have you looked at the autoshader? it does this for you as a built in feature?

elsewise, its ``vec4 grass_tex = _texture_array_albedo[0];`` etc

i'd have a good look at the default generated shader that pops up when you enable ""shader override""",,,0,1237479333933744160,false,,,,,,,,,,,,,,,,,,,,,,false,6,2024-05-07T19:01:04.464000+00:00,false,0,,,,,,,,,,,,,,,,,,,,,,,,,,,,2024-05-07T19:27:42.894000+00:00,false,19,notarealmoo,
1237485980148306070,,,,,,,,,,,,,,,,,2fe8be815dc3f45b5cb22279cd52fdfd,,,,,,0,,0,notarealmoo,656978179290038275,,0,notarealmoo,,1237472165494788251,,"this is fair. shaders are newer to me. the objective for this question is to permit me to automatically apply the right texture and color variation within a given height range (ie: underwater, coastal, hill, mountain), and to apply the principle of autoshading across the spectrum (ocean floor / ocean cliff, sandy shore / sandy rocks, grass / rock,  etc) 

>> all while using procedural terrain so no manual painting",2024-05-07T19:27:29.045Z,2024-05-07T19:28:50.741000+00:00,,,,,,,,,,,,,,,0,,,false,,,,,,,,,,,,,,,,,,,,,,,false,11,,,,,,,,,,,,,,,,,,,,,,,,,,,,,,,,,,,,,,,,,,,,,,,,,,,,,,,,,,,,,,,,,,,,,,,,,,,,,,,,,,,,,,,,,,,,,,,,,,,,,2024-05-07T19:27:29.045000+00:00,false,0,notarealmoo,
1237484357296590973,,,,,,,,,,,,,,,,,7e8c75861a717a11a9fc6ce29d57f23f,,,,,,0,,0,Tokisan Games,455610038350774273,,0,tokisangames,,1237472165494788251,,"We already have documented the shader in the code and in the documentation. If you spend more time to understand more of what is there you'll find examples of things you want to do, or components of them, already present.",2024-05-07T19:21:02.127Z,,,,,,,,,,,,,,,,0,,,false,,,,,,,,,,,,,,,,,,,,,,,false,10,,,,,,,,,,,,,,,,,,,,,,,,,,,,,,,,,,,,,,,,,,,,,,,,,,,,,,,,,,,,,,,,,,,,,,,,,,,,,,,,,,,,,,,,,,,,,,,,,,,,,2024-05-07T19:21:02.127000+00:00,false,0,tokisangames,
1237483154118414439,,,,,,,,,,,,,,,,,7e8c75861a717a11a9fc6ce29d57f23f,,,,,,0,,0,Tokisan Games,455610038350774273,,0,tokisangames,,1237472165494788251,,"Procedural height? The autoshader doesn't care where your data comes from.
The shader already does shading by slope, w/ reduction by height. Adding height shading to it is only a line or two.",2024-05-07T19:16:15.267Z,2024-05-07T19:20:07.147000+00:00,,,,,,,,,,,,,,,0,,,false,,,2fe8be815dc3f45b5cb22279cd52fdfd,,,,,,0,,0,notarealmoo,656978179290038275,,0,notarealmoo,,1237472165494788251,691957978680786944,1237479755779936286,0,,false,9,,,,,,,,,,,,,,,,,,,,,,,,,,2fe8be815dc3f45b5cb22279cd52fdfd,,,,,,0,,0,notarealmoo,656978179290038275,,0,notarealmoo,1237472165494788251,,I'm using the pre-gen shader as a base. Can I direct the autoshader with procedural terrain?,,,0,1237479755779936286,false,,,,,,,,,,,,,,,,,,,,,,false,7,2024-05-07T19:02:45.040000+00:00,false,0,,,,,,,,,,,,,,,,,,,,,,,,,,,,2024-05-07T19:16:15.267000+00:00,false,19,tokisangames,
1237481455953907794,,,,,,,,,,,,,,,,,25fd1285287561dee4d39d9ac6f16e8c,,,,,,0,,0,Xtarsia,188054719481118720,,0,xtarsia,,1237472165494788251,,its just a blending formula similar to what you have,2024-05-07T19:09:30.393Z,,,,,,,,,,,,,,,,0,,,false,,,,,,,,,,,,,,,,,,,,,,,false,8,,,,,,,,,,,,,,,,,,,,,,,,,,,,,,,,,,,,,,,,,,,,,,,,,,,,,,,,,,,,,,,,,,,,,,,,,,,,,,,,,,,,,,,,,,,,,,,,,,,,,2024-05-07T19:09:30.393000+00:00,false,0,xtarsia,
1237479755779936286,,,,,,,,,,,,,,,,,2fe8be815dc3f45b5cb22279cd52fdfd,,,,,,0,,0,notarealmoo,656978179290038275,,0,notarealmoo,,1237472165494788251,,I'm using the pre-gen shader as a base. Can I direct the autoshader with procedural terrain?,2024-05-07T19:02:45.040Z,,,,,,,,,,,,,,,,0,,,false,,,,,,,,,,,,,,,,,,,,,,,false,7,,,,,,,,,,,,,,,,,,,,,,,,,,,,,,,,,,,,,,,,,,,,,,,,,,,,,,,,,,,,,,,,,,,,,,,,,,,,,,,,,,,,,,,,,,,,,,,,,,,,,2024-05-07T19:02:45.040000+00:00,false,0,notarealmoo,
1237479333933744160,,,,,,,,,,,,,,,,,25fd1285287561dee4d39d9ac6f16e8c,,,,,,0,,0,Xtarsia,188054719481118720,,0,xtarsia,,1237472165494788251,,"have you looked at the autoshader? it does this for you as a built in feature?

elsewise, its ``vec4 grass_tex = _texture_array_albedo[0];`` etc

i'd have a good look at the default generated shader that pops up when you enable ""shader override""",2024-05-07T19:01:04.464Z,,,,,,,,,,,,,,,,0,,,false,,,,,,,,,,,,,,,,,,,,,,,false,6,,,,,,,,,,,,,,,,,,,,,,,,,,,,,,,,,,,,,,,,,,,,,,,,,,,,,,,,,,,,,,,,,,,,,,,,,,,,,,,,,,,,,,,,,,,,,,,,,,,,,2024-05-07T19:01:04.464000+00:00,false,0,xtarsia,
1237478389187612795,,,,,,,,,,,,,,,,,2fe8be815dc3f45b5cb22279cd52fdfd,,,,,,0,,0,notarealmoo,656978179290038275,,0,notarealmoo,,1237472165494788251,,"texture_color_array isn't it, AFAIK",2024-05-07T18:57:19.219Z,,,,,,,,,,,,,,,,0,,,false,,,,,,,,,,,,,,,,,,,,,,,false,5,,,,,,,,,,,,,,,,,,,,,,,,,,,,,,,,,,,,,,,,,,,,,,,,,,,,,,,,,,,,,,,,,,,,,,,,,,,,,,,,,,,,,,,,,,,,,,,,,,,,,2024-05-07T18:57:19.219000+00:00,false,0,notarealmoo,
1237478320984166530,,,,,1,image/png,image.png,250,1237478320682045490,jvcFC4A/h2lQeRaGsM0IrU0=,1,https://media.discordapp.net/attachments/1237472165494788251/1237478320682045490/image.png?ex=696543fe&is=6963f27e&hm=8e1221317650550c49c3c0d59c96787a3049edb4e8ba02c04bd1e0c9e080023a&,39274,https://cdn.discordapp.com/attachments/1237472165494788251/1237478320682045490/image.png?ex=696543fe&is=6963f27e&hm=8e1221317650550c49c3c0d59c96787a3049edb4e8ba02c04bd1e0c9e080023a&,593,,2fe8be815dc3f45b5cb22279cd52fdfd,,,,,,0,,0,notarealmoo,656978179290038275,,0,notarealmoo,,1237472165494788251,,i feel i'm close with slopes. I just need to grab the right texture but I'm not sure where it's stored,2024-05-07T18:57:02.958Z,,,,,,,,,,,,,,,,0,,,false,,,,,,,,,,,,,,,,,,,,,,,false,4,,,,,,,,,,,,,,,,,,,,,,,,,,,,,,,,,,,,,,,,,,,,,,,,,,,,,,,,,,,,,,,,,,,,,,,,,,,,,,,,,,,,,,,,,,,,,,,,,,,,,2024-05-07T18:57:02.958000+00:00,false,0,notarealmoo,
1237473881330286685,,,,,,,,,,,,,,,,,25fd1285287561dee4d39d9ac6f16e8c,,,,,,0,,0,Xtarsia,188054719481118720,,0,xtarsia,,1237472165494788251,,practically its unlimited,2024-05-07T18:39:24.462Z,,,,,,,,,,,,,,,,0,,,false,,,,,,,,,,,,,,,,,,,,,,,false,3,,,,,,,,,,,,,,,,,,,,,,,,,,,,,,,,,,,,,,,,,,,,,,,,,,,,,,,,,,,,,,,,,,,,,,,,,,,,,,,,,,,,,,,,,,,,,,,,,,,,,2024-05-07T18:39:24.462000+00:00,false,0,xtarsia,
1237473095972028548,,,,,,,,,,,,,,,,,2fe8be815dc3f45b5cb22279cd52fdfd,,,,,,0,,0,notarealmoo,656978179290038275,,0,notarealmoo,,1237472165494788251,,where's the minimum / maximum heightmap value stored?,2024-05-07T18:36:17.218Z,,,,,,,,,,,,,,,,0,,,false,,,,,,,,,,,,,,,,,,,,,,,false,2,,,,,,,,,,,,,,,,,,,,,,,,,,,,,,,,,,,,,,,,,,,,,,,,,,,,,,,,,,,,,,,,,,,,,,,,,,,,,,,,,,,,,,,,,,,,,,,,,,,,,2024-05-07T18:36:17.218000+00:00,false,0,notarealmoo,
1237472988035809332,,,,,,,,,,,,,,,,,2fe8be815dc3f45b5cb22279cd52fdfd,,,,,,0,,0,notarealmoo,656978179290038275,,0,notarealmoo,,1237472165494788251,,thanks. I determined that I'm getting height in meters with yy,2024-05-07T18:35:51.484Z,,,,,,,,,,,,,,,,0,,,false,,,,,,,,,,,,,,,,,,,,,,,false,1,,,,,,,,,,,,,,,,,,,,,,,,,,,,,,,,,,,,,,,,,,,,,,,,,,,,,,,,,,,,,,,,,,,,,,,,,,,,,,,,,,,,,,,,,,,,,,,,,,,,,2024-05-07T18:35:51.484000+00:00,false,0,notarealmoo,
1237472773970989077,,,,,,,,,,,,,,,,,25fd1285287561dee4d39d9ac6f16e8c,,,,,,0,,0,Xtarsia,188054719481118720,,0,xtarsia,,1237472165494788251,,"the get height function return the height as stored in the height map.

uv2 is a coordinate in xz space only",2024-05-07T18:35:00.447Z,,,,,,,,,,,,,,,,0,,,false,,,,,,,,,,,,,,,,,,,,,,,false,,,,,,,,,,,,,,,,,,,,,,,,,,,,,,,,,,,,,,,,,,,,,,,,,,,,,,,,,,,,,,,,,,,,,,,,,,,,,,,,,,,,,,,,,,,,,,,,,,,,,,2024-05-07T18:35:00.447000+00:00,false,0,xtarsia,
1237472165494788251,,,,,2,image/png,image.png,753,1237472165528600596,z9cJFoaIeId/iHePiaeHWHiECZtRP4c=,1,https://media.discordapp.net/attachments/1130291534802202735/1237472165528600596/image.png?ex=69653e43&is=6963ecc3&hm=52893c70f96943ead9bd6b06809a04f2d8c85fe6da9c55d295cb89d1e2543aaa&,180520,https://cdn.discordapp.com/attachments/1130291534802202735/1237472165528600596/image.png?ex=69653e43&is=6963ecc3&hm=52893c70f96943ead9bd6b06809a04f2d8c85fe6da9c55d295cb89d1e2543aaa&,860,,2fe8be815dc3f45b5cb22279cd52fdfd,,,,,,0,,0,notarealmoo,656978179290038275,,0,notarealmoo,,1130291534802202735,,"Ok, I'm onto something. For height colouring....

`float yy = get_height(uv2)*0.01;
ALBEDO = vec3(0.0,yy,0.0);`

What's the range of uv2 (the 0.01 is a throwaway number)",2024-05-07T18:32:35.375Z,,,,,,,,,,,,,,,,32,,,false,,,25fd1285287561dee4d39d9ac6f16e8c,,,,,,0,,0,Xtarsia,188054719481118720,,0,xtarsia,,1130291534802202735,691957978680786944,1237467723089448971,0,,false,,,,,,,,,,,,,,,,,,,,,,,,,,,25fd1285287561dee4d39d9ac6f16e8c,,,,,,0,,0,Xtarsia,188054719481118720,,0,xtarsia,1130291534802202735,,"couple quick methods:
1. use a mix function, with the mix value determined by the height
2. use the dot product of the normal & up",,,0,1237467723089448971,false,,,,2fe8be815dc3f45b5cb22279cd52fdfd,,,,,,0,,0,notarealmoo,656978179290038275,,0,notarealmoo,1130291534802202735,691957978680786944,1237466770856743024,0,false,,2024-05-07T18:14:56.223000+00:00,false,19,,,,,,64000,0,691957978680786944,1237472165494788251,1237990944624869478,2,455610038350774273,188054719481118720,44,"Ok, I'm onto something. For height",188054719481118720,1130291534802202735,0,,2024-06-08T04:58:40.527000+00:00,true,4320,2024-05-07T18:34:59.651000+00:00,false,44,11,0,2024-05-07T18:32:35.375000+00:00,false,19,notarealmoo,